none,org.pitest.mutationtest.engine.gregor.mutators.ConditionalsBoundaryMutatorbubbleSort7,SURVIVED
murraco.SortingAlgorithmsTest.testBubbleSort,org.pitest.mutationtest.engine.gregor.mutators.ConditionalsBoundaryMutatorbubbleSort8,KILLED
none,org.pitest.mutationtest.engine.gregor.mutators.ConditionalsBoundaryMutatorbubbleSort9,SURVIVED
none,org.pitest.mutationtest.engine.gregor.mutators.IncrementsMutatorbubbleSort7,TIMED_OUT
none,org.pitest.mutationtest.engine.gregor.mutators.MathMutatorbubbleSort7,SURVIVED
murraco.SortingAlgorithmsTest.testBubbleSort,org.pitest.mutationtest.engine.gregor.mutators.MathMutatorbubbleSort9,KILLED
murraco.SortingAlgorithmsTest.testBubbleSort,org.pitest.mutationtest.engine.gregor.mutators.MathMutatorbubbleSort11,KILLED
murraco.SortingAlgorithmsTest.testBubbleSort,org.pitest.mutationtest.engine.gregor.mutators.MathMutatorbubbleSort12,KILLED
murraco.SortingAlgorithmsTest.testBubbleSort,org.pitest.mutationtest.engine.gregor.mutators.NegateConditionalsMutatorbubbleSort7,KILLED
murraco.SortingAlgorithmsTest.testBubbleSort,org.pitest.mutationtest.engine.gregor.mutators.NegateConditionalsMutatorbubbleSort8,KILLED
murraco.SortingAlgorithmsTest.testBubbleSort,org.pitest.mutationtest.engine.gregor.mutators.NegateConditionalsMutatorbubbleSort9,KILLED
murraco.SortingAlgorithmsTest.testInsertionSort,org.pitest.mutationtest.engine.gregor.mutators.ConditionalsBoundaryMutatorinsertionSort7,KILLED
murraco.SortingAlgorithmsTest.testInsertionSort,org.pitest.mutationtest.engine.gregor.mutators.ConditionalsBoundaryMutatorinsertionSort10,KILLED
none,org.pitest.mutationtest.engine.gregor.mutators.ConditionalsBoundaryMutatorinsertionSort10,SURVIVED
murraco.SortingAlgorithmsTest.testInsertionSort,org.pitest.mutationtest.engine.gregor.mutators.IncrementsMutatorinsertionSort12,KILLED
murraco.SortingAlgorithmsTest.testInsertionSort,org.pitest.mutationtest.engine.gregor.mutators.IncrementsMutatorinsertionSort7,KILLED
murraco.SortingAlgorithmsTest.testInsertionSort,org.pitest.mutationtest.engine.gregor.mutators.MathMutatorinsertionSort10,KILLED
murraco.SortingAlgorithmsTest.testInsertionSort,org.pitest.mutationtest.engine.gregor.mutators.MathMutatorinsertionSort11,KILLED
murraco.SortingAlgorithmsTest.testInsertionSort,org.pitest.mutationtest.engine.gregor.mutators.NegateConditionalsMutatorinsertionSort7,KILLED
murraco.SortingAlgorithmsTest.testInsertionSort,org.pitest.mutationtest.engine.gregor.mutators.NegateConditionalsMutatorinsertionSort10,KILLED
murraco.SortingAlgorithmsTest.testInsertionSort,org.pitest.mutationtest.engine.gregor.mutators.NegateConditionalsMutatorinsertionSort10,KILLED
murraco.SortingAlgorithmsTest.testHeapsort,org.pitest.mutationtest.engine.gregor.mutators.ConditionalsBoundaryMutatorbuildMaxHeap33,KILLED
murraco.SortingAlgorithmsTest.testHeapsort,org.pitest.mutationtest.engine.gregor.mutators.IncrementsMutatorbuildMaxHeap33,KILLED
none,org.pitest.mutationtest.engine.gregor.mutators.MathMutatorbuildMaxHeap33,SURVIVED
murraco.SortingAlgorithmsTest.testHeapsort,org.pitest.mutationtest.engine.gregor.mutators.MathMutatorbuildMaxHeap34,KILLED
murraco.SortingAlgorithmsTest.testHeapsort,org.pitest.mutationtest.engine.gregor.mutators.NegateConditionalsMutatorbuildMaxHeap33,KILLED
murraco.SortingAlgorithmsTest.testHeapsort,org.pitest.mutationtest.engine.gregor.mutators.VoidMethodCallMutatorbuildMaxHeap34,KILLED
none,org.pitest.mutationtest.engine.gregor.mutators.ConditionalsBoundaryMutatorheapSort9,SURVIVED
murraco.SortingAlgorithmsTest.testHeapsort,org.pitest.mutationtest.engine.gregor.mutators.IncrementsMutatorheapSort11,KILLED
murraco.SortingAlgorithmsTest.testHeapsort,org.pitest.mutationtest.engine.gregor.mutators.IncrementsMutatorheapSort9,KILLED
murraco.SortingAlgorithmsTest.testHeapsort,org.pitest.mutationtest.engine.gregor.mutators.MathMutatorheapSort8,KILLED
murraco.SortingAlgorithmsTest.testHeapsort,org.pitest.mutationtest.engine.gregor.mutators.MathMutatorheapSort9,KILLED
murraco.SortingAlgorithmsTest.testHeapsort,org.pitest.mutationtest.engine.gregor.mutators.NegateConditionalsMutatorheapSort9,KILLED
murraco.SortingAlgorithmsTest.testHeapsort,org.pitest.mutationtest.engine.gregor.mutators.VoidMethodCallMutatorheapSort7,KILLED
murraco.SortingAlgorithmsTest.testHeapsort,org.pitest.mutationtest.engine.gregor.mutators.VoidMethodCallMutatorheapSort10,KILLED
murraco.SortingAlgorithmsTest.testHeapsort,org.pitest.mutationtest.engine.gregor.mutators.VoidMethodCallMutatorheapSort12,KILLED
none,org.pitest.mutationtest.engine.gregor.mutators.ConditionalsBoundaryMutatormaxHeapify20,SURVIVED
none,org.pitest.mutationtest.engine.gregor.mutators.ConditionalsBoundaryMutatormaxHeapify20,SURVIVED
none,org.pitest.mutationtest.engine.gregor.mutators.ConditionalsBoundaryMutatormaxHeapify23,SURVIVED
none,org.pitest.mutationtest.engine.gregor.mutators.ConditionalsBoundaryMutatormaxHeapify23,SURVIVED
murraco.SortingAlgorithmsTest.testHeapsort,org.pitest.mutationtest.engine.gregor.mutators.MathMutatormaxHeapify17,KILLED
murraco.SortingAlgorithmsTest.testHeapsort,org.pitest.mutationtest.engine.gregor.mutators.MathMutatormaxHeapify17,KILLED
none,org.pitest.mutationtest.engine.gregor.mutators.MathMutatormaxHeapify18,SURVIVED
murraco.SortingAlgorithmsTest.testHeapsort,org.pitest.mutationtest.engine.gregor.mutators.NegateConditionalsMutatormaxHeapify20,KILLED
murraco.SortingAlgorithmsTest.testHeapsort,org.pitest.mutationtest.engine.gregor.mutators.NegateConditionalsMutatormaxHeapify20,KILLED
murraco.SortingAlgorithmsTest.testHeapsort,org.pitest.mutationtest.engine.gregor.mutators.NegateConditionalsMutatormaxHeapify23,KILLED
murraco.SortingAlgorithmsTest.testHeapsort,org.pitest.mutationtest.engine.gregor.mutators.NegateConditionalsMutatormaxHeapify23,KILLED
murraco.SortingAlgorithmsTest.testHeapsort,org.pitest.mutationtest.engine.gregor.mutators.NegateConditionalsMutatormaxHeapify26,KILLED
murraco.SortingAlgorithmsTest.testHeapsort,org.pitest.mutationtest.engine.gregor.mutators.VoidMethodCallMutatormaxHeapify27,KILLED
murraco.SortingAlgorithmsTest.testHeapsort,org.pitest.mutationtest.engine.gregor.mutators.VoidMethodCallMutatormaxHeapify28,KILLED
murraco.SortingAlgorithmsTest.testMergeSort,org.pitest.mutationtest.engine.gregor.mutators.ConditionalsBoundaryMutatormerge27,KILLED
none,org.pitest.mutationtest.engine.gregor.mutators.ConditionalsBoundaryMutatormerge32,SURVIVED
murraco.SortingAlgorithmsTest.testMergeSort,org.pitest.mutationtest.engine.gregor.mutators.IncrementsMutatormerge29,KILLED
none,org.pitest.mutationtest.engine.gregor.mutators.IncrementsMutatormerge31,SURVIVED
murraco.SortingAlgorithmsTest.testMergeSort,org.pitest.mutationtest.engine.gregor.mutators.IncrementsMutatormerge33,KILLED
murraco.SortingAlgorithmsTest.testMergeSort,org.pitest.mutationtest.engine.gregor.mutators.IncrementsMutatormerge35,KILLED
murraco.SortingAlgorithmsTest.testMergeSort,org.pitest.mutationtest.engine.gregor.mutators.NegateConditionalsMutatormerge27,KILLED
murraco.SortingAlgorithmsTest.testMergeSort,org.pitest.mutationtest.engine.gregor.mutators.NegateConditionalsMutatormerge28,KILLED
murraco.SortingAlgorithmsTest.testMergeSort,org.pitest.mutationtest.engine.gregor.mutators.NegateConditionalsMutatormerge30,KILLED
murraco.SortingAlgorithmsTest.testMergeSort,org.pitest.mutationtest.engine.gregor.mutators.NegateConditionalsMutatormerge32,KILLED
murraco.SortingAlgorithmsTest.testMergeSort,org.pitest.mutationtest.engine.gregor.mutators.ConditionalsBoundaryMutatormergeSort7,KILLED
murraco.SortingAlgorithmsTest.testMergeSort,org.pitest.mutationtest.engine.gregor.mutators.ConditionalsBoundaryMutatormergeSort13,KILLED
murraco.SortingAlgorithmsTest.testMergeSort,org.pitest.mutationtest.engine.gregor.mutators.ConditionalsBoundaryMutatormergeSort16,KILLED
murraco.SortingAlgorithmsTest.testMergeSort,org.pitest.mutationtest.engine.gregor.mutators.IncrementsMutatormergeSort13,KILLED
murraco.SortingAlgorithmsTest.testMergeSort,org.pitest.mutationtest.engine.gregor.mutators.MathMutatormergeSort10,KILLED
murraco.SortingAlgorithmsTest.testMergeSort,org.pitest.mutationtest.engine.gregor.mutators.MathMutatormergeSort12,KILLED
murraco.SortingAlgorithmsTest.testMergeSort,org.pitest.mutationtest.engine.gregor.mutators.MathMutatormergeSort17,KILLED
murraco.SortingAlgorithmsTest.testMergeSort,org.pitest.mutationtest.engine.gregor.mutators.NegateConditionalsMutatormergeSort7,KILLED
murraco.SortingAlgorithmsTest.testMergeSort,org.pitest.mutationtest.engine.gregor.mutators.NegateConditionalsMutatormergeSort13,KILLED
murraco.SortingAlgorithmsTest.testMergeSort,org.pitest.mutationtest.engine.gregor.mutators.NegateConditionalsMutatormergeSort16,KILLED
murraco.SortingAlgorithmsTest.testMergeSort,org.pitest.mutationtest.engine.gregor.mutators.VoidMethodCallMutatormergeSort19,KILLED
murraco.SortingAlgorithmsTest.testMergeSort,org.pitest.mutationtest.engine.gregor.mutators.VoidMethodCallMutatormergeSort20,KILLED
murraco.SortingAlgorithmsTest.testMergeSort,org.pitest.mutationtest.engine.gregor.mutators.VoidMethodCallMutatormergeSort21,KILLED
none,org.pitest.mutationtest.engine.gregor.mutators.ConditionalsBoundaryMutatorpartition23,SURVIVED
none,org.pitest.mutationtest.engine.gregor.mutators.ConditionalsBoundaryMutatorpartition24,SURVIVED
murraco.SortingAlgorithmsTest.testQuicksort,org.pitest.mutationtest.engine.gregor.mutators.IncrementsMutatorpartition26,KILLED
murraco.SortingAlgorithmsTest.testQuicksort,org.pitest.mutationtest.engine.gregor.mutators.IncrementsMutatorpartition23,KILLED
murraco.SortingAlgorithmsTest.testQuicksort,org.pitest.mutationtest.engine.gregor.mutators.NegateConditionalsMutatorpartition23,KILLED
murraco.SortingAlgorithmsTest.testQuicksort,org.pitest.mutationtest.engine.gregor.mutators.NegateConditionalsMutatorpartition24,KILLED
murraco.SortingAlgorithmsTest.testQuicksort,org.pitest.mutationtest.engine.gregor.mutators.ReturnValsMutatorpartition30,KILLED
murraco.SortingAlgorithmsTest.testQuicksort,org.pitest.mutationtest.engine.gregor.mutators.VoidMethodCallMutatorpartition21,KILLED
murraco.SortingAlgorithmsTest.testQuicksort,org.pitest.mutationtest.engine.gregor.mutators.VoidMethodCallMutatorpartition25,KILLED
murraco.SortingAlgorithmsTest.testQuicksort,org.pitest.mutationtest.engine.gregor.mutators.VoidMethodCallMutatorpartition29,KILLED
murraco.SortingAlgorithmsTest.testQuicksort,org.pitest.mutationtest.engine.gregor.mutators.MathMutatorpickPivotIndex34,KILLED
none,org.pitest.mutationtest.engine.gregor.mutators.MathMutatorpickPivotIndex34,SURVIVED
murraco.SortingAlgorithmsTest.testQuicksort,org.pitest.mutationtest.engine.gregor.mutators.MathMutatorpickPivotIndex34,KILLED
murraco.SortingAlgorithmsTest.testQuicksort,org.pitest.mutationtest.engine.gregor.mutators.MathMutatorpickPivotIndex34,KILLED
murraco.SortingAlgorithmsTest.testQuicksort,org.pitest.mutationtest.engine.gregor.mutators.ReturnValsMutatorpickPivotIndex34,KILLED
murraco.SortingAlgorithmsTest.testQuicksort,org.pitest.mutationtest.engine.gregor.mutators.MathMutatorquickSort7,KILLED
murraco.SortingAlgorithmsTest.testQuicksort,org.pitest.mutationtest.engine.gregor.mutators.VoidMethodCallMutatorquickSort7,KILLED
none,org.pitest.mutationtest.engine.gregor.mutators.ConditionalsBoundaryMutatorquickSort11,SURVIVED
murraco.SortingAlgorithmsTest.testQuicksort,org.pitest.mutationtest.engine.gregor.mutators.MathMutatorquickSort13,KILLED
murraco.SortingAlgorithmsTest.testQuicksort,org.pitest.mutationtest.engine.gregor.mutators.MathMutatorquickSort14,KILLED
murraco.SortingAlgorithmsTest.testQuicksort,org.pitest.mutationtest.engine.gregor.mutators.NegateConditionalsMutatorquickSort11,KILLED
murraco.SortingAlgorithmsTest.testQuicksort,org.pitest.mutationtest.engine.gregor.mutators.VoidMethodCallMutatorquickSort13,KILLED
murraco.SortingAlgorithmsTest.testQuicksort,org.pitest.mutationtest.engine.gregor.mutators.VoidMethodCallMutatorquickSort14,KILLED
none,org.pitest.mutationtest.engine.gregor.mutators.ConditionalsBoundaryMutatorselectionSort7,SURVIVED
murraco.SortingAlgorithmsTest.testSelectionSort,org.pitest.mutationtest.engine.gregor.mutators.ConditionalsBoundaryMutatorselectionSort9,KILLED
none,org.pitest.mutationtest.engine.gregor.mutators.ConditionalsBoundaryMutatorselectionSort10,SURVIVED
murraco.SortingAlgorithmsTest.testSelectionSort,org.pitest.mutationtest.engine.gregor.mutators.IncrementsMutatorselectionSort9,KILLED
murraco.SortingAlgorithmsTest.testSelectionSort,org.pitest.mutationtest.engine.gregor.mutators.IncrementsMutatorselectionSort7,KILLED
murraco.SortingAlgorithmsTest.testSelectionSort,org.pitest.mutationtest.engine.gregor.mutators.MathMutatorselectionSort7,KILLED
murraco.SortingAlgorithmsTest.testSelectionSort,org.pitest.mutationtest.engine.gregor.mutators.MathMutatorselectionSort9,KILLED
murraco.SortingAlgorithmsTest.testSelectionSort,org.pitest.mutationtest.engine.gregor.mutators.NegateConditionalsMutatorselectionSort7,KILLED
murraco.SortingAlgorithmsTest.testSelectionSort,org.pitest.mutationtest.engine.gregor.mutators.NegateConditionalsMutatorselectionSort9,KILLED
murraco.SortingAlgorithmsTest.testSelectionSort,org.pitest.mutationtest.engine.gregor.mutators.NegateConditionalsMutatorselectionSort10,KILLED
murraco.SortingAlgorithmsTest.testSelectionSort,org.pitest.mutationtest.engine.gregor.mutators.VoidMethodCallMutatorselectionSort12,KILLED
