"testTwoOptionsFromGroup","ReturnValsMutator","85","KILLED"
"testTwoOptionsFromGroup","ReturnValsMutator","74","KILLED"
"testObjectPattern","ReturnValsMutator","101","KILLED"
"testSimplePattern","ReturnValsMutator","103","KILLED"
"testNumberPattern","ReturnValsMutator","105","KILLED"
"testClassPattern","ReturnValsMutator","107","KILLED"
"testSimplePattern","ReturnValsMutator","109","KILLED"
"testExistingFilePattern","ReturnValsMutator","111","KILLED"
"testSimplePattern","ReturnValsMutator","113","KILLED"
"testSimplePattern","ReturnValsMutator","115","KILLED"
"testURLPattern","ReturnValsMutator","117","KILLED"
"testRequiredOption","NegateConditionalsMutator","132","KILLED"
"testRequiredOption","NegateConditionalsMutator","132","KILLED"
"testRequiredOption","NegateConditionalsMutator","132","KILLED"
"testRequiredOption","NegateConditionalsMutator","132","KILLED"
"testRequiredOption","NegateConditionalsMutator","132","KILLED"
"testRequiredOption","NegateConditionalsMutator","132","KILLED"
"testRequiredOption","NegateConditionalsMutator","132","KILLED"
"testRequiredOption","NegateConditionalsMutator","132","KILLED"
"testRequiredOption","NegateConditionalsMutator","132","KILLED"
"testRequiredOption","NegateConditionalsMutator","132","KILLED"
"testRequiredOption","ReturnValsMutator","132","KILLED"
"testEmptyPattern","ConditionalsBoundaryMutator","158","KILLED"
"testRequiredOption","IncrementsMutator","158","KILLED"
"testEmptyPattern","NegateConditionalsMutator","158","KILLED"
"testRequiredOption","NegateConditionalsMutator","164","KILLED"
"testRequiredOption","NegateConditionalsMutator","166","KILLED"
"testUntypedPattern","NegateConditionalsMutator","168","KILLED"
"testRequiredOption","NegateConditionalsMutator","183","KILLED"
"testEmptyPattern","NegateConditionalsMutator","193","KILLED"
"testUntypedPattern","NegateConditionalsMutator","195","KILLED"
"testEmptyPattern","ReturnValsMutator","205","KILLED"
"none","VoidMethodCallMutator","829","SURVIVED"
"testBuilderMethods","ReturnValsMutator","842","KILLED"
"testBuilderInsufficientParams2","NegateConditionalsMutator","1007","KILLED"
"testBuilderInsufficientParams2","NegateConditionalsMutator","1007","KILLED"
"testBuilder","ReturnValsMutator","1011","KILLED"
"testBuilderInsufficientParams2","ReturnValsMutator","854","KILLED"
"testOptionComparatorInsertedOrder","ReturnValsMutator","972","KILLED"
"testBuilderMethods","NegateConditionalsMutator","984","KILLED"
"testBuilderMethods","ReturnValsMutator","985","KILLED"
"testHashCode","ReturnValsMutator","866","KILLED"
"testBuilderMethods","ReturnValsMutator","878","KILLED"
"testBuilderMethods","ReturnValsMutator","891","KILLED"
"testOptionComparatorInsertedOrder","ReturnValsMutator","901","KILLED"
"testBuilderMethods","ReturnValsMutator","913","KILLED"
"testBuilderMethods","ReturnValsMutator","925","KILLED"
"testOptionWithoutShortFormat2","ReturnValsMutator","935","KILLED"
"testBuilderMethods","ReturnValsMutator","962","KILLED"
"testLongWithUnexpectedArgument1","ReturnValsMutator","69","KILLED"
"testBuilder","ReturnValsMutator","540","KILLED"
"testBuilder","VoidMethodCallMutator","539","KILLED"
"none","ReturnValsMutator","527","SURVIVED"
"testBuilder","VoidMethodCallMutator","526","KILLED"
"testBuilder","ReturnValsMutator","545","KILLED"
"none","NegateConditionalsMutator","74","SURVIVED"
"none","NegateConditionalsMutator","79","SURVIVED"
"none","ReturnValsMutator","86","SURVIVED"
"testAmbiguousPartialLongOption3","ReturnValsMutator","57","KILLED"
"testMissingArgWithBursting","ConditionalsBoundaryMutator","266","KILLED"
"testMissingArgWithBursting","MathMutator","275","KILLED"
"testShortWithoutEqual","MathMutator","277","KILLED"
"testUnrecognizedOptionWithBursting","NegateConditionalsMutator","266","KILLED"
"testMissingArgWithBursting","NegateConditionalsMutator","270","KILLED"
"testUnrecognizedOptionWithBursting","NegateConditionalsMutator","275","KILLED"
"testMissingArgWithBursting","NegateConditionalsMutator","275","KILLED"
"testUnrecognizedOptionWithBursting","NegateConditionalsMutator","282","KILLED"
"testStopBursting","VoidMethodCallMutator","284","KILLED"
"testDoubleDash1","ConditionalsBoundaryMutator","128","KILLED"
"testPartialLongOptionSingleDash","ConditionalsBoundaryMutator","153","KILLED"
"testLongWithEqualDoubleDash","MathMutator","139","KILLED"
"testPropertyOptionUnexpected","NegateConditionalsMutator","105","KILLED"
"testAmbiguousPartialLongOption1","NegateConditionalsMutator","111","KILLED"
"testAmbiguousPartialLongOption1","NegateConditionalsMutator","111","KILLED"
"testAmbiguousPartialLongOption3","NegateConditionalsMutator","117","KILLED"
"testAmbiguousPartialLongOption1","NegateConditionalsMutator","120","KILLED"
"testAmbiguousPartialLongOption1","NegateConditionalsMutator","124","KILLED"
"testAmbiguousPartialLongOption1","NegateConditionalsMutator","128","KILLED"
"testUnambiguousPartialLongOption1","NegateConditionalsMutator","137","KILLED"
"testAmbiguousPartialLongOption2","NegateConditionalsMutator","144","KILLED"
"testAmbiguousPartialLongOption2","NegateConditionalsMutator","146","KILLED"
"testAmbiguousPartialLongOption2","NegateConditionalsMutator","146","KILLED"
"testAmbiguousPartialLongOption2","NegateConditionalsMutator","150","KILLED"
"testAmbiguousPartialLongOption2","NegateConditionalsMutator","153","KILLED"
"testPropertyOptionUnexpected","ReturnValsMutator","174","KILLED"
"testReuseOptionsTwice","VoidMethodCallMutator","98","KILLED"
"testStopAtNonOptionLong","VoidMethodCallMutator","126","KILLED"
"testMissingArg","VoidMethodCallMutator","148","KILLED"
"testPartialLongOptionSingleDash","VoidMethodCallMutator","158","KILLED"
"testUnrecognizedOptionWithBursting","VoidMethodCallMutator","163","KILLED"
"testStopAtUnexpectedArg","VoidMethodCallMutator","168","KILLED"
"testStopAtNonOptionShort","VoidMethodCallMutator","171","KILLED"
"testStopAtNonOptionShort","NegateConditionalsMutator","184","KILLED"
"testStopAtNonOptionShort","NegateConditionalsMutator","186","KILLED"
"testReuseOptionsTwice","VoidMethodCallMutator","55","KILLED"
"testStopAtNonOptionLong","NegateConditionalsMutator","202","KILLED"
"testStopAtNonOptionLong","NegateConditionalsMutator","202","KILLED"
"testStopAtExpectedArg","NegateConditionalsMutator","202","KILLED"
"testStopAtNonOptionShort","NegateConditionalsMutator","225","KILLED"
"none","NegateConditionalsMutator","225","SURVIVED"
"testStopAtExpectedArg","NegateConditionalsMutator","230","KILLED"
"testBuilder","ReturnValsMutator","432","KILLED"
"testBuilder","ReturnValsMutator","422","KILLED"
"testUntypedPattern","ReturnValsMutator","174","KILLED"
"testUntypedPattern","ReturnValsMutator","105","KILLED"
"testExistingFilePatternFileNotExist","ReturnValsMutator","110","KILLED"
"none","VoidMethodCallMutator","109","SURVIVED"
"testGetOptionProperties","ConditionalsBoundaryMutator","395","KILLED"
"testGetOptionProperties","NegateConditionalsMutator","392","KILLED"
"testGetOptionProperties","NegateConditionalsMutator","392","KILLED"
"testGetOptionProperties","NegateConditionalsMutator","395","KILLED"
"testGetOptionProperties","NegateConditionalsMutator","400","KILLED"
"testGetOptionProperties","ReturnValsMutator","408","KILLED"
"testGetOptionPropertiesWithOption","ConditionalsBoundaryMutator","357","KILLED"
"testGetOptionPropertiesWithOption","NegateConditionalsMutator","354","KILLED"
"testGetOptionPropertiesWithOption","NegateConditionalsMutator","357","KILLED"
"testGetOptionPropertiesWithOption","NegateConditionalsMutator","362","KILLED"
"testGetOptionPropertiesWithOption","ReturnValsMutator","370","KILLED"
"test31148","ReturnValsMutator","216","KILLED"
"testGetsDefaultIfOptional","ReturnValsMutator","332","KILLED"
"test31148","ReturnValsMutator","204","KILLED"
"testGetsDefaultIfOptional","ReturnValsMutator","318","KILLED"
"testGetParsedOptionValueWithOption","NegateConditionalsMutator","187","KILLED"
"testGetParsedOptionValueWithOption","NegateConditionalsMutator","192","KILLED"
"testNullhOption","ReturnValsMutator","189","KILLED"
"testGetParsedOptionValueWithOption","ReturnValsMutator","192","KILLED"
"testGetsDefaultIfOptional","NegateConditionalsMutator","304","KILLED"
"testGetsDefaultIfOptional","ReturnValsMutator","304","KILLED"
"testPropertyOptionMultipleValues","ReturnValsMutator","288","KILLED"
"testPropertyOptionMultipleValues","ReturnValsMutator","251","KILLED"
"testGetParsedOptionValueWithOption","NegateConditionalsMutator","233","KILLED"
"testGetParsedOptionValueWithOption","NegateConditionalsMutator","239","KILLED"
"testGetParsedOptionValueWithOption","ReturnValsMutator","239","KILLED"
"testGetOptions","ReturnValsMutator","501","KILLED"
"testGetParsedOptionValueWithChar","ReturnValsMutator","162","KILLED"
"testGetParsedOptionValueWithChar","ReturnValsMutator","148","KILLED"
"testGetParsedOptionValueWithOption","NegateConditionalsMutator","125","KILLED"
"testGetParsedOptionValueWithOption","NegateConditionalsMutator","130","KILLED"
"testNullhOption","ReturnValsMutator","127","KILLED"
"testUntypedPattern","ReturnValsMutator","132","KILLED"
"testGetParsedOptionValueWithOption","ReturnValsMutator","134","KILLED"
"test31148","ReturnValsMutator","90","KILLED"
"testOrder","ReturnValsMutator","79","KILLED"
"testOrder","ReturnValsMutator","68","KILLED"
"test11458","ReturnValsMutator","485","KILLED"
"testGetParsedOptionValueWithChar","NegateConditionalsMutator","265","KILLED"
"testGetParsedOptionValueWithChar","NegateConditionalsMutator","270","KILLED"
"testGetParsedOptionValueWithChar","ReturnValsMutator","267","KILLED"
"testUnambiguousPartialLongOption1","ReturnValsMutator","272","KILLED"
"testOrder","ReturnValsMutator","276","KILLED"
"testPrintOptionWithEmptyArgNameUsage","NegateConditionalsMutator","683","KILLED"
"testPrintOptionWithEmptyArgNameUsage","NegateConditionalsMutator","688","KILLED"
"testPrintSortedUsage","NegateConditionalsMutator","698","KILLED"
"testPrintOptionWithEmptyArgNameUsage","NegateConditionalsMutator","698","KILLED"
"testPrintOptionWithEmptyArgNameUsage","NegateConditionalsMutator","698","KILLED"
"testUsageWithLongOptSeparator","NegateConditionalsMutator","700","KILLED"
"testDefaultArgName","NegateConditionalsMutator","701","KILLED"
"testPrintOptionWithEmptyArgNameUsage","NegateConditionalsMutator","705","KILLED"
"testPrintOptionGroupUsage","NegateConditionalsMutator","646","KILLED"
"none","NegateConditionalsMutator","652","SURVIVED"
"testPrintOptionGroupUsage","NegateConditionalsMutator","657","KILLED"
"testPrintOptionGroupUsage","NegateConditionalsMutator","662","KILLED"
"testPrintOptionGroupUsage","NegateConditionalsMutator","668","KILLED"
"none","VoidMethodCallMutator","654","SURVIVED"
"testPrintOptionGroupUsage","VoidMethodCallMutator","660","KILLED"
"testRenderWrappedTextMultiLine","ReturnValsMutator","1038","KILLED"
"testRenderWrappedTextSingleLinePadded","VoidMethodCallMutator","1036","KILLED"
"testFindWrapPos","ConditionalsBoundaryMutator","988","KILLED"
"testFindWrapPos","ConditionalsBoundaryMutator","994","KILLED"
"testFindWrapPos","ConditionalsBoundaryMutator","999","KILLED"
"none","ConditionalsBoundaryMutator","1005","SURVIVED"
"none","ConditionalsBoundaryMutator","1015","SURVIVED"
"testFindWrapPos","IncrementsMutator","1005","KILLED"
"testFindWrapPos","MathMutator","990","KILLED"
"testFindWrapPos","MathMutator","996","KILLED"
"testFindWrapPos","MathMutator","999","KILLED"
"testFindWrapPos","MathMutator","1005","KILLED"
"testFindWrapPos","MathMutator","1021","KILLED"
"testFindWrapPos","NegateConditionalsMutator","988","KILLED"
"testFindWrapPos","NegateConditionalsMutator","988","KILLED"
"testFindWrapPos","NegateConditionalsMutator","994","KILLED"
"testFindWrapPos","NegateConditionalsMutator","994","KILLED"
"testFindWrapPos","NegateConditionalsMutator","999","KILLED"
"testFindWrapPos","NegateConditionalsMutator","1005","KILLED"
"testFindWrapPos","NegateConditionalsMutator","1008","KILLED"
"testFindWrapPos","NegateConditionalsMutator","1008","KILLED"
"testFindWrapPos","NegateConditionalsMutator","1008","KILLED"
"testFindWrapPos","NegateConditionalsMutator","1015","KILLED"
"testFindWrapPos","NegateConditionalsMutator","1023","KILLED"
"testFindWrapPos","ReturnValsMutator","990","KILLED"
"testFindWrapPos","ReturnValsMutator","996","KILLED"
"testFindWrapPos","ReturnValsMutator","1001","KILLED"
"testFindWrapPos","ReturnValsMutator","1017","KILLED"
"testFindWrapPos","ReturnValsMutator","1023","KILLED"
"testAccessors","ReturnValsMutator","371","KILLED"
"testAccessors","ReturnValsMutator","247","KILLED"
"testAccessors","ReturnValsMutator","227","KILLED"
"testAccessors","ReturnValsMutator","327","KILLED"
"testHelpWithLongOptSeparator","ReturnValsMutator","351","KILLED"
"testAccessors","ReturnValsMutator","287","KILLED"
"testAccessors","ReturnValsMutator","307","KILLED"
"testPrintSortedUsage","ReturnValsMutator","383","KILLED"
"testAccessors","ReturnValsMutator","267","KILLED"
"testAccessors","ReturnValsMutator","207","KILLED"
"testPrintHelpWithEmptySyntax","VoidMethodCallMutator","492","KILLED"
"test13666","VoidMethodCallMutator","493","KILLED"
"testHelpWithLongOptSeparator","VoidMethodCallMutator","517","KILLED"
"testOptionWithoutShortFormat","ConditionalsBoundaryMutator","558","KILLED"
"testOptionWithoutShortFormat","ConditionalsBoundaryMutator","565","KILLED"
"testPrintHelpWithEmptySyntax","NegateConditionalsMutator","544","KILLED"
"testPrintHelpWithEmptySyntax","NegateConditionalsMutator","544","KILLED"
"testOptionWithoutShortFormat","NegateConditionalsMutator","549","KILLED"
"testIndentedHeaderAndFooter","NegateConditionalsMutator","558","KILLED"
"testIndentedHeaderAndFooter","NegateConditionalsMutator","558","KILLED"
"testIndentedHeaderAndFooter","NegateConditionalsMutator","565","KILLED"
"testIndentedHeaderAndFooter","NegateConditionalsMutator","565","KILLED"
"testIndentedHeaderAndFooter","VoidMethodCallMutator","551","KILLED"
"testHelpWithLongOptSeparator","VoidMethodCallMutator","555","KILLED"
"testIndentedHeaderAndFooter","VoidMethodCallMutator","560","KILLED"
"testIndentedHeaderAndFooter","VoidMethodCallMutator","563","KILLED"
"testIndentedHeaderAndFooter","VoidMethodCallMutator","567","KILLED"
"testPrintHelpWithEmptySyntax","VoidMethodCallMutator","408","KILLED"
"testIndentedHeaderAndFooter","VoidMethodCallMutator","744","KILLED"
"testLongLineChunkingIndentIgnored","MathMutator","721","KILLED"
"testMan","MathMutator","723","KILLED"
"testHelpWithLongOptSeparator","VoidMethodCallMutator","723","KILLED"
"testOptionWithoutShortFormat2","MathMutator","633","KILLED"
"testPrintSortedUsage","NegateConditionalsMutator","588","KILLED"
"testIndentedHeaderAndFooter","NegateConditionalsMutator","593","KILLED"
"testPrintOptionWithEmptyArgNameUsage","NegateConditionalsMutator","602","KILLED"
"testPrintOptionGroupUsage","NegateConditionalsMutator","605","KILLED"
"testPrintSortedUsage","NegateConditionalsMutator","625","KILLED"
"testPrintSortedUsage","VoidMethodCallMutator","590","KILLED"
"testPrintOptionGroupUsage","VoidMethodCallMutator","612","KILLED"
"testPrintOptionWithEmptyArgNameUsage","VoidMethodCallMutator","622","KILLED"
"testIndentedHeaderAndFooter","VoidMethodCallMutator","633","KILLED"
"testIndentedHeaderAndFooter","VoidMethodCallMutator","772","KILLED"
"testIndentedHeaderAndFooter","VoidMethodCallMutator","756","KILLED"
"none","ConditionalsBoundaryMutator","844","SURVIVED"
"none","ConditionalsBoundaryMutator","854","SURVIVED"
"testOptionWithoutShortFormat","IncrementsMutator","852","KILLED"
"testOptionWithoutShortFormat","MathMutator","856","KILLED"
"testPrintOptions","MathMutator","861","KILLED"
"testHelpWithLongOptSeparator","NegateConditionalsMutator","805","KILLED"
"testOptionWithoutShortFormat","NegateConditionalsMutator","814","KILLED"
"testOptionWithoutShortFormat","NegateConditionalsMutator","822","KILLED"
"testOptionWithoutShortFormat","NegateConditionalsMutator","828","KILLED"
"testHelpWithLongOptSeparator","NegateConditionalsMutator","831","KILLED"
"testHelpWithLongOptSeparator","NegateConditionalsMutator","831","KILLED"
"testHelpWithLongOptSeparator","NegateConditionalsMutator","838","KILLED"
"testHelpWithLongOptSeparator","NegateConditionalsMutator","839","KILLED"
"testOptionWithoutShortFormat","NegateConditionalsMutator","844","KILLED"
"testOptionWithoutShortFormat","NegateConditionalsMutator","854","KILLED"
"testOptionWithoutShortFormat","NegateConditionalsMutator","863","KILLED"
"testOptionWithoutShortFormat","NegateConditionalsMutator","870","KILLED"
"none","ReturnValsMutator","876","SURVIVED"
"testHelpWithLongOptSeparator","VoidMethodCallMutator","807","KILLED"
"none","ConditionalsBoundaryMutator","924","SURVIVED"
"testRenderWrappedTextSingleLinePadded","NegateConditionalsMutator","895","KILLED"
"testRenderWrappedTextMultiLine","NegateConditionalsMutator","903","KILLED"
"testRenderWrappedTextSingleLinePadded","NegateConditionalsMutator","917","KILLED"
"testRenderWrappedTextSingleLinePadded2","NegateConditionalsMutator","924","KILLED"
"none","ReturnValsMutator","899","SURVIVED"
"none","ReturnValsMutator","921","SURVIVED"
"testIndentedHeaderAndFooter","NegateConditionalsMutator","949","KILLED"
"testIndentedHeaderAndFooter","NegateConditionalsMutator","951","KILLED"
"none","ReturnValsMutator","967","SURVIVED"
"none","ConditionalsBoundaryMutator","1057","SURVIVED"
"testRtrim","IncrementsMutator","1059","KILLED"
"testRtrim","MathMutator","1057","KILLED"
"testRtrim","NegateConditionalsMutator","1050","KILLED"
"testRtrim","NegateConditionalsMutator","1050","KILLED"
"testRtrim","NegateConditionalsMutator","1057","KILLED"
"testRtrim","NegateConditionalsMutator","1057","KILLED"
"testRtrim","ReturnValsMutator","1052","KILLED"
"testRtrim","ReturnValsMutator","1062","KILLED"
"testPropertyOptionUnexpected","ReturnValsMutator","49","KILLED"
"testStopAtNonOptionShort","NegateConditionalsMutator","209","KILLED"
"testMissingArg","NegateConditionalsMutator","209","KILLED"
"testStopAtNonOptionShort","NegateConditionalsMutator","197","KILLED"
"none","ConditionalsBoundaryMutator","585","SURVIVED"
"testUnrecognizedOptionWithBursting","IncrementsMutator","585","KILLED"
"testUnrecognizedOptionWithBursting","MathMutator","585","KILLED"
"testMissingArgWithBursting","NegateConditionalsMutator","585","KILLED"
"testUnrecognizedOptionWithBursting","NegateConditionalsMutator","588","KILLED"
"testUnrecognizedOptionWithBursting","ReturnValsMutator","595","KILLED"
"testMissingArgWithBursting","ConditionalsBoundaryMutator","685","KILLED"
"none","ConditionalsBoundaryMutator","702","SURVIVED"
"testMissingArgWithBursting","MathMutator","693","KILLED"
"testShortWithoutEqual","MathMutator","696","KILLED"
"testUnrecognizedOptionWithBursting","NegateConditionalsMutator","685","KILLED"
"testMissingArgWithBursting","NegateConditionalsMutator","689","KILLED"
"testUnrecognizedOptionWithBursting","NegateConditionalsMutator","693","KILLED"
"testMissingArgWithBursting","NegateConditionalsMutator","693","KILLED"
"testUnrecognizedOptionWithBursting","NegateConditionalsMutator","702","KILLED"
"testStopBursting","NegateConditionalsMutator","702","KILLED"
"testMissingArgWithBursting","VoidMethodCallMutator","691","KILLED"
"testShortWithoutEqual","VoidMethodCallMutator","696","KILLED"
"testUnrecognizedOptionWithBursting","VoidMethodCallMutator","702","KILLED"
"testLongWithoutEqualDoubleDash","NegateConditionalsMutator","382","KILLED"
"testDoubleDash1","VoidMethodCallMutator","384","KILLED"
"testStopAtNonOptionLong","VoidMethodCallMutator","388","KILLED"
"testLongWithUnexpectedArgument1","ConditionalsBoundaryMutator","442","KILLED"
"testLongWithEqualDoubleDash","MathMutator","433","KILLED"
"testStopAtNonOptionLong","NegateConditionalsMutator","438","KILLED"
"testAmbiguousPartialLongOption3","NegateConditionalsMutator","442","KILLED"
"testLongWithUnexpectedArgument1","NegateConditionalsMutator","450","KILLED"
"testStopAtNonOptionLong","VoidMethodCallMutator","440","KILLED"
"testLongWithEqualDoubleDash","VoidMethodCallMutator","452","KILLED"
"testLongWithEqualDoubleDash","VoidMethodCallMutator","453","KILLED"
"testLongWithUnexpectedArgument1","VoidMethodCallMutator","458","KILLED"
"testDoubleDash1","ConditionalsBoundaryMutator","409","KILLED"
"testLongWithoutEqualDoubleDash","NegateConditionalsMutator","405","KILLED"
"testDoubleDash1","NegateConditionalsMutator","409","KILLED"
"none","VoidMethodCallMutator","407","SURVIVED"
"testDoubleDash1","VoidMethodCallMutator","415","KILLED"
"testMissingArg","NegateConditionalsMutator","620","KILLED"
"none","VoidMethodCallMutator","612","SURVIVED"
"testPropertyOptionRequired","VoidMethodCallMutator","616","KILLED"
"testStopAtUnexpectedArg","VoidMethodCallMutator","618","KILLED"
"testStopAtNonOptionShort","NegateConditionalsMutator","142","KILLED"
"testPropertyOptionUnexpected","NegateConditionalsMutator","147","KILLED"
"testPropertyOptionUnexpected","NegateConditionalsMutator","152","KILLED"
"testPropertyOptionRequired","NegateConditionalsMutator","159","KILLED"
"testPropertyOptionGroup","NegateConditionalsMutator","159","KILLED"
"testPropertyOptionRequired","NegateConditionalsMutator","161","KILLED"
"testPropertyOptionRequired","NegateConditionalsMutator","161","KILLED"
"testPropertyOptionRequired","NegateConditionalsMutator","166","KILLED"
"testPropertyOptionSingularValue","NegateConditionalsMutator","168","KILLED"
"testPropertyOptionFlags","NegateConditionalsMutator","168","KILLED"
"testPropertyOptionFlags","NegateConditionalsMutator","173","KILLED"
"testPropertyOptionRequired","NegateConditionalsMutator","174","KILLED"
"testPropertyOptionFlags","NegateConditionalsMutator","175","KILLED"
"testPropertyOptionSingularValue","VoidMethodCallMutator","170","KILLED"
"testPropertyOptionRequired","VoidMethodCallMutator","181","KILLED"
"testShortWithEqual","MathMutator","541","KILLED"
"testAmbiguousPartialLongOption2","NegateConditionalsMutator","488","KILLED"
"testStopAtNonOptionShort","NegateConditionalsMutator","491","KILLED"
"testAmbiguousPartialLongOption2","NegateConditionalsMutator","500","KILLED"
"testAmbiguousPartialLongOption2","NegateConditionalsMutator","503","KILLED"
"testAmbiguousPartialLongOption2","NegateConditionalsMutator","507","KILLED"
"testUnrecognizedOptionWithBursting","NegateConditionalsMutator","517","KILLED"
"testLongWithUnexpectedArgument2","NegateConditionalsMutator","517","KILLED"
"testUnrecognizedOptionWithBursting","NegateConditionalsMutator","523","KILLED"
"testAmbiguousPartialLongOption4","NegateConditionalsMutator","543","KILLED"
"testShortWithEqual","NegateConditionalsMutator","547","KILLED"
"testShortWithUnexpectedArgument","NegateConditionalsMutator","547","KILLED"
"testAmbiguousPartialLongOption4","NegateConditionalsMutator","558","KILLED"
"testStopAtUnexpectedArg","VoidMethodCallMutator","493","KILLED"
"testStopAtNonOptionShort","VoidMethodCallMutator","497","KILLED"
"shouldParseShortOptionWithValue","VoidMethodCallMutator","505","KILLED"
"testAmbiguousPartialLongOption2","VoidMethodCallMutator","510","KILLED"
"testLongWithoutEqualSingleDash","VoidMethodCallMutator","519","KILLED"
"testLongWithoutEqualSingleDash","VoidMethodCallMutator","520","KILLED"
"testPropertiesOption2","VoidMethodCallMutator","526","KILLED"
"testPropertiesOption2","VoidMethodCallMutator","527","KILLED"
"testUnrecognizedOptionWithBursting","VoidMethodCallMutator","533","KILLED"
"testShortWithEqual","VoidMethodCallMutator","549","KILLED"
"testShortWithEqual","VoidMethodCallMutator","550","KILLED"
"testShortWithUnexpectedArgument","VoidMethodCallMutator","555","KILLED"
"testPropertiesOption2","VoidMethodCallMutator","561","KILLED"
"testPropertiesOption2","VoidMethodCallMutator","562","KILLED"
"testPropertiesOption2","VoidMethodCallMutator","563","KILLED"
"testAmbiguousPartialLongOption4","VoidMethodCallMutator","569","KILLED"
"testUnrecognizedOption","NegateConditionalsMutator","225","KILLED"
"testStopAtNonOptionShort","NegateConditionalsMutator","229","KILLED"
"testStopAtNonOptionShort","NegateConditionalsMutator","233","KILLED"
"testStopAtExpectedArg","NegateConditionalsMutator","233","KILLED"
"testStopAtExpectedArg","NegateConditionalsMutator","233","KILLED"
"testUnrecognizedOption","NegateConditionalsMutator","237","KILLED"
"testUnrecognizedOption","NegateConditionalsMutator","241","KILLED"
"testUnrecognizedOption","NegateConditionalsMutator","241","KILLED"
"testStopAtNonOptionShort","NegateConditionalsMutator","250","KILLED"
"testMissingArg","NegateConditionalsMutator","250","KILLED"
"testStopAtNonOptionShort","VoidMethodCallMutator","227","KILLED"
"testStopAtExpectedArg","VoidMethodCallMutator","235","KILLED"
"testStopAtNonOptionLong","VoidMethodCallMutator","239","KILLED"
"testStopAtNonOptionShort","VoidMethodCallMutator","243","KILLED"
"testStopAtUnexpectedArg","VoidMethodCallMutator","247","KILLED"
"testSingleDash","ConditionalsBoundaryMutator","358","KILLED"
"testUnrecognizedOption","NegateConditionalsMutator","358","KILLED"
"testUnrecognizedOption","NegateConditionalsMutator","358","KILLED"
"testStopAtNonOptionShort","NegateConditionalsMutator","358","KILLED"
"testStopAtNonOptionShort","NegateConditionalsMutator","364","KILLED"
"testStopAtNonOptionShort","VoidMethodCallMutator","363","KILLED"
"testStopAtExpectedArg","NegateConditionalsMutator","263","KILLED"
"testUnlimitedArgs","NegateConditionalsMutator","263","KILLED"
"testStopAtExpectedArg","ReturnValsMutator","263","KILLED"
"testPropertiesOption2","ConditionalsBoundaryMutator","606","KILLED"
"testAmbiguousPartialLongOption4","NegateConditionalsMutator","606","KILLED"
"testUnrecognizedOptionWithBursting","NegateConditionalsMutator","606","KILLED"
"testUnrecognizedOptionWithBursting","NegateConditionalsMutator","606","KILLED"
"testUnrecognizedOptionWithBursting","ReturnValsMutator","606","KILLED"
"none","NegateConditionalsMutator","325","SURVIVED"
"testSingleDash","NegateConditionalsMutator","325","KILLED"
"testArgumentStartingWithHyphen","NegateConditionalsMutator","331","KILLED"
"testArgumentStartingWithHyphen","NegateConditionalsMutator","333","KILLED"
"testArgumentStartingWithHyphen","NegateConditionalsMutator","338","KILLED"
"none","NegateConditionalsMutator","338","SURVIVED"
"testStopAtExpectedArg","ReturnValsMutator","327","KILLED"
"none","ReturnValsMutator","341","SURVIVED"
"testArgumentStartingWithHyphen","ReturnValsMutator","344","KILLED"
"testNegativeOption","ReturnValsMutator","276","KILLED"
"testUnlimitedArgs","ReturnValsMutator","280","KILLED"
"testStopAtExpectedArg","NegateConditionalsMutator","291","KILLED"
"testStopAtExpectedArg","NegateConditionalsMutator","291","KILLED"
"testStopAtExpectedArg","ReturnValsMutator","291","KILLED"
"none","ConditionalsBoundaryMutator","315","SURVIVED"
"testUnlimitedArgs","NegateConditionalsMutator","302","KILLED"
"testUnlimitedArgs","NegateConditionalsMutator","302","KILLED"
"testArgumentStartingWithHyphen","NegateConditionalsMutator","309","KILLED"
"testArgumentStartingWithHyphen","NegateConditionalsMutator","310","KILLED"
"shouldParseConcatenatedShortOptions","NegateConditionalsMutator","315","KILLED"
"testArgumentStartingWithHyphen","NegateConditionalsMutator","315","KILLED"
"testStopAtExpectedArg","ReturnValsMutator","304","KILLED"
"testUnlimitedArgs","ReturnValsMutator","312","KILLED"
"testArgumentStartingWithHyphen","ReturnValsMutator","315","KILLED"
"testDoubleDash1","ReturnValsMutator","60","KILLED"
"testDoubleDash1","ReturnValsMutator","76","KILLED"
"testStopAtNonOptionShort","NegateConditionalsMutator","116","KILLED"
"testStopAtNonOptionShort","ReturnValsMutator","132","KILLED"
"none","VoidMethodCallMutator","111","SURVIVED"
"testStopAtNonOptionShort","VoidMethodCallMutator","120","KILLED"
"testMissingArg","VoidMethodCallMutator","125","KILLED"
"testPropertyOptionUnexpected","VoidMethodCallMutator","128","KILLED"
"testMissingRequiredOptions","VoidMethodCallMutator","130","KILLED"
"testStopAtNonOptionShort","ReturnValsMutator","81","KILLED"
"testPropertyOptionRequired","NegateConditionalsMutator","637","KILLED"
"testUnrecognizedOption","NegateConditionalsMutator","643","KILLED"
"none","NegateConditionalsMutator","647","SURVIVED"
"testOptionGroupLong","VoidMethodCallMutator","652","KILLED"
"testMissingArg","ReturnValsMutator","69","KILLED"
"testMissingOptionException","NegateConditionalsMutator","81","KILLED"
"testMissingOptionException","NegateConditionalsMutator","85","KILLED"
"testMissingOptionException","NegateConditionalsMutator","88","KILLED"
"testMissingOptionException","ReturnValsMutator","94","KILLED"
"testMissingRequiredOptions","ReturnValsMutator","69","KILLED"
"testPropertyOptionUnexpected","ConditionalsBoundaryMutator","57","KILLED"
"testStopAtNonOptionShort","ConditionalsBoundaryMutator","106","KILLED"
"testStopAtNonOptionShort","IncrementsMutator","106","KILLED"
"testStopAtNonOptionShort","IncrementsMutator","106","KILLED"
"testLongWithEqualDoubleDash","MathMutator","84","KILLED"
"testPropertyOptionUnexpected","NegateConditionalsMutator","57","KILLED"
"testStopAtNonOptionShort","NegateConditionalsMutator","61","KILLED"
"testStopAtNonOptionShort","NegateConditionalsMutator","66","KILLED"
"testLongWithEqualDoubleDash","NegateConditionalsMutator","70","KILLED"
"testStopAtNonOptionShort","NegateConditionalsMutator","74","KILLED"
"testStopAtNonOptionShort","NegateConditionalsMutator","80","KILLED"
"testStopAtNonOptionLong","NegateConditionalsMutator","80","KILLED"
"testStopAtNonOptionShort","NegateConditionalsMutator","86","KILLED"
"testStopAtNonOptionShort","NegateConditionalsMutator","104","KILLED"
"testStopAtNonOptionShort","NegateConditionalsMutator","106","KILLED"
"testPropertyOptionUnexpected","ReturnValsMutator","113","KILLED"
"testClear","NegateConditionalsMutator","152","KILLED"
"testBuilderIsResettedAlways","VoidMethodCallMutator","146","KILLED"
"none","ConditionalsBoundaryMutator","729","SURVIVED"
"testNullhOption","ConditionalsBoundaryMutator","729","KILLED"
"testClear","NegateConditionalsMutator","729","KILLED"
"testShortWithUnexpectedArgument","NegateConditionalsMutator","729","KILLED"
"testShortWithUnexpectedArgument","NegateConditionalsMutator","729","KILLED"
"testGetValue","NegateConditionalsMutator","729","KILLED"
"testClear","NegateConditionalsMutator","729","KILLED"
"testClear","ReturnValsMutator","729","KILLED"
"testClear","NegateConditionalsMutator","506","KILLED"
"testClear","NegateConditionalsMutator","442","KILLED"
"testClear","VoidMethodCallMutator","446","KILLED"
"testBuilderInsufficientParams1","ReturnValsMutator","760","KILLED"
"testBuilderInsufficientParams2","ReturnValsMutator","774","KILLED"
"testClear","VoidMethodCallMutator","702","KILLED"
"testSubclass","ReturnValsMutator","686","KILLED"
"testGetParsedOptionValueWithOption","NegateConditionalsMutator","635","KILLED"
"testClone","NegateConditionalsMutator","639","KILLED"
"testClone","NegateConditionalsMutator","639","KILLED"
"testClone","NegateConditionalsMutator","646","KILLED"
"testClone","NegateConditionalsMutator","646","KILLED"
"testGetOptionPropertiesWithOption","NegateConditionalsMutator","646","KILLED"
"testClone","NegateConditionalsMutator","650","KILLED"
"testGetOptionPropertiesWithOption","NegateConditionalsMutator","650","KILLED"
"testClone","NegateConditionalsMutator","650","KILLED"
"testHelpOptions","ReturnValsMutator","637","KILLED"
"testGetParsedOptionValueWithOption","ReturnValsMutator","648","KILLED"
"none","ReturnValsMutator","652","SURVIVED"
"testClone","ReturnValsMutator","655","KILLED"
"testBuilderMethods","ReturnValsMutator","351","KILLED"
"testClone","ReturnValsMutator","432","KILLED"
"testClone","ReturnValsMutator","300","KILLED"
"test11458","ReturnValsMutator","169","KILLED"
"testDuplicateLong","NegateConditionalsMutator","180","KILLED"
"testDuplicateLong","ReturnValsMutator","180","KILLED"
"testBuilderMethods","ReturnValsMutator","241","KILLED"
"testBuilderMethods","ReturnValsMutator","195","KILLED"
"testBuilderMethods","ReturnValsMutator","205","KILLED"
"testSubclass","NegateConditionalsMutator","524","KILLED"
"testSubclass","ReturnValsMutator","524","KILLED"
"testGetValue","NegateConditionalsMutator","541","KILLED"
"testGetValue","ReturnValsMutator","541","KILLED"
"testGetValue","NegateConditionalsMutator","558","KILLED"
"testGetValue","ReturnValsMutator","558","KILLED"
"testBuilderMethods","ReturnValsMutator","402","KILLED"
"testClone","NegateConditionalsMutator","570","KILLED"
"testClone","ReturnValsMutator","570","KILLED"
"testClear","ReturnValsMutator","579","KILLED"
"none","ConditionalsBoundaryMutator","290","SURVIVED"
"testClear","NegateConditionalsMutator","290","KILLED"
"testBaseOptionCharOpt","NegateConditionalsMutator","290","KILLED"
"testClear","ReturnValsMutator","290","KILLED"
"testHasArgName","ConditionalsBoundaryMutator","361","KILLED"
"testHasArgName","NegateConditionalsMutator","361","KILLED"
"testHasArgName","NegateConditionalsMutator","361","KILLED"
"testHasArgName","ReturnValsMutator","361","KILLED"
"testHasArgs","ConditionalsBoundaryMutator","371","KILLED"
"testHasArgs","NegateConditionalsMutator","371","KILLED"
"testHasArgs","NegateConditionalsMutator","371","KILLED"
"testHasArgs","ReturnValsMutator","371","KILLED"
"testGetMatchingOpts","NegateConditionalsMutator","280","KILLED"
"testGetMatchingOpts","ReturnValsMutator","280","KILLED"
"testSubclass","ReturnValsMutator","629","KILLED"
"testBuilderMethods","ReturnValsMutator","270","KILLED"
"none","ConditionalsBoundaryMutator","413","SURVIVED"
"testPropertyOptionMultipleValues","NegateConditionalsMutator","413","KILLED"
"testPropertyOptionMultipleValues","ReturnValsMutator","413","KILLED"
"testHashCode","MathMutator","663","KILLED"
"none","MathMutator","663","SURVIVED"
"testHashCode","NegateConditionalsMutator","662","KILLED"
"testHashCode","NegateConditionalsMutator","663","KILLED"
"testHashCode","ReturnValsMutator","664","KILLED"
"testBuilderMethods","ReturnValsMutator","321","KILLED"
"none","MathMutator","475","SURVIVED"
"testPropertyOptionMultipleValues","NegateConditionalsMutator","463","KILLED"
"testPropertyOptionMultipleValues","NegateConditionalsMutator","472","KILLED"
"testPropertyOptionMultipleValues","NegateConditionalsMutator","475","KILLED"
"testPropertyOptionMultipleValues","VoidMethodCallMutator","481","KILLED"
"testClear","VoidMethodCallMutator","492","KILLED"
"testMissingArg","NegateConditionalsMutator","740","KILLED"
"testUnlimitedArgs","NegateConditionalsMutator","744","KILLED"
"shouldParseShortOptionWithoutValue","ReturnValsMutator","742","KILLED"
"testUnlimitedArgs","ReturnValsMutator","746","KILLED"
"testMissingArg","ReturnValsMutator","748","KILLED"
"none","NegateConditionalsMutator","594","SURVIVED"
"none","NegateConditionalsMutator","601","SURVIVED"
"none","NegateConditionalsMutator","605","SURVIVED"
"none","NegateConditionalsMutator","612","SURVIVED"
"none","ReturnValsMutator","619","SURVIVED"
"testGetOptions","ReturnValsMutator","97","KILLED"
"testGetOptions","NegateConditionalsMutator","86","KILLED"
"testBuilderIsResettedAlways","NegateConditionalsMutator","86","KILLED"
"testBuilderIsResettedAlways","NegateConditionalsMutator","86","KILLED"
"testGetOptions","ReturnValsMutator","86","KILLED"
"testBuilderInsufficientParams2","NegateConditionalsMutator","48","KILLED"
"testIllegalOptions","NegateConditionalsMutator","54","KILLED"
"testGetOptions","NegateConditionalsMutator","58","KILLED"
"testCreateIncompleteOption","NegateConditionalsMutator","69","KILLED"
"testPropertyOptionUnexpected","ReturnValsMutator","151","KILLED"
"testAutomaticUsage","ReturnValsMutator","132","KILLED"
"testGetMatchingOpts","NegateConditionalsMutator","195","KILLED"
"testMissingOptionException","NegateConditionalsMutator","201","KILLED"
"testMissingOptionException","NegateConditionalsMutator","203","KILLED"
"shouldParseShortOptionWithValue","ReturnValsMutator","212","KILLED"
"testNoOptionsExtraArgs","NegateConditionalsMutator","70","KILLED"
"testGetNames","ReturnValsMutator","86","KILLED"
"none","VoidMethodCallMutator","80","SURVIVED"
"testGetMatchingOpts","NegateConditionalsMutator","281","KILLED"
"testGetMatchingOpts","NegateConditionalsMutator","288","KILLED"
"testGetMatchingOpts","ReturnValsMutator","283","KILLED"
"testGetMatchingOpts","ReturnValsMutator","294","KILLED"
"testDuplicateLong","NegateConditionalsMutator","259","KILLED"
"testDuplicateLong","ReturnValsMutator","261","KILLED"
"testPropertyOptionUnexpected","ReturnValsMutator","264","KILLED"
"testPrintOptionWithEmptyArgNameUsage","ReturnValsMutator","346","KILLED"
"testGetOptionsGroups","ReturnValsMutator","96","KILLED"
"testEmptyPattern","ReturnValsMutator","222","KILLED"
"testMissingOptionException","ReturnValsMutator","242","KILLED"
"testUnrecognizedOptionWithBursting","ReturnValsMutator","321","KILLED"
"testLong","NegateConditionalsMutator","307","KILLED"
"testLongWithUnexpectedArgument1","NegateConditionalsMutator","307","KILLED"
"testLong","ReturnValsMutator","307","KILLED"
"testStopAtNonOptionShort","ReturnValsMutator","335","KILLED"
"testHelpOptions","ReturnValsMutator","232","KILLED"
"testToString","ReturnValsMutator","365","KILLED"
"testCreateIncompleteOption","NegateConditionalsMutator","351","KILLED"
"testGetMatchingOpts","ReturnValsMutator","357","KILLED"
"testBuilderIsResettedAlways","VoidMethodCallMutator","353","KILLED"
"testBaseOptionCharOpt","ReturnValsMutator","340","KILLED"
"testBaseOptionCharOpt","ReturnValsMutator","394","KILLED"
"testCompleteOption","VoidMethodCallMutator","379","KILLED"
"testCompleteOption","VoidMethodCallMutator","380","KILLED"
"testPropertiesOption2","VoidMethodCallMutator","381","KILLED"
"testOptionArgNumbers","VoidMethodCallMutator","382","KILLED"
"testCompleteOption","VoidMethodCallMutator","383","KILLED"
"testPropertyOptionMultipleValues","VoidMethodCallMutator","384","KILLED"
"none","VoidMethodCallMutator","385","SURVIVED"
"testBaseOptionStringOpt","VoidMethodCallMutator","390","KILLED"
"none","ReturnValsMutator","113","SURVIVED"
"none","NegateConditionalsMutator","125","SURVIVED"
"none","ReturnValsMutator","127","SURVIVED"
"none","ReturnValsMutator","227","SURVIVED"
"none","ReturnValsMutator","240","SURVIVED"
"none","ReturnValsMutator","253","SURVIVED"
"none","ReturnValsMutator","266","SURVIVED"
"none","ReturnValsMutator","281","SURVIVED"
"none","ReturnValsMutator","152","SURVIVED"
"none","ReturnValsMutator","140","SURVIVED"
"none","ReturnValsMutator","326","SURVIVED"
"none","ReturnValsMutator","101","SURVIVED"
"none","ReturnValsMutator","313","SURVIVED"
"none","ReturnValsMutator","201","SURVIVED"
"none","ReturnValsMutator","178","SURVIVED"
"testClassPattern","ReturnValsMutator","173","KILLED"
"testSimplePattern","ReturnValsMutator","224","KILLED"
"testNumberPattern","NegateConditionalsMutator","150","KILLED"
"testNumberPattern","ReturnValsMutator","152","KILLED"
"testGetParsedOptionValueWithOption","ReturnValsMutator","154","KILLED"
"testObjectPattern","ReturnValsMutator","130","KILLED"
"testURLPattern","ReturnValsMutator","208","KILLED"
"testGetParsedOptionValueWithOption","NegateConditionalsMutator","66","KILLED"
"testGetParsedOptionValueWithOption","NegateConditionalsMutator","70","KILLED"
"testGetParsedOptionValueWithOption","NegateConditionalsMutator","74","KILLED"
"testExistingFilePattern","NegateConditionalsMutator","78","KILLED"
"testExistingFilePattern","NegateConditionalsMutator","82","KILLED"
"testExistingFilePattern","NegateConditionalsMutator","86","KILLED"
"testExistingFilePattern","NegateConditionalsMutator","90","KILLED"
"testURLPattern","NegateConditionalsMutator","94","KILLED"
"testURLPattern","NegateConditionalsMutator","98","KILLED"
"testGetParsedOptionValueWithOption","ReturnValsMutator","68","KILLED"
"testObjectPattern","ReturnValsMutator","72","KILLED"
"testGetParsedOptionValueWithOption","ReturnValsMutator","76","KILLED"
"testClassPattern","ReturnValsMutator","84","KILLED"
"testSimplePattern","ReturnValsMutator","88","KILLED"
"testExistingFilePattern","ReturnValsMutator","92","KILLED"
"testURLPattern","ReturnValsMutator","100","KILLED"
"testGetParsedOptionValueWithOption","ReturnValsMutator","51","KILLED"
"testExistingFilePattern","ReturnValsMutator","238","KILLED"
"none","ReturnValsMutator","57","SURVIVED"
"testGetNames","ReturnValsMutator","67","KILLED"
"testGetNames","ReturnValsMutator","76","KILLED"
"testTwoOptionsFromGroup","ReturnValsMutator","113","KILLED"
"testNoOptionsExtraArgs","ReturnValsMutator","131","KILLED"
"testNoOptionsExtraArgs","NegateConditionalsMutator","88","KILLED"
"testTwoOptionsFromGroup","NegateConditionalsMutator","98","KILLED"
"testTwoOptionsFromGroup","NegateConditionalsMutator","98","KILLED"
"testToString","NegateConditionalsMutator","148","KILLED"
"testToString","NegateConditionalsMutator","152","KILLED"
"testToString","NegateConditionalsMutator","163","KILLED"
"testToString","NegateConditionalsMutator","169","KILLED"
"testToString","ReturnValsMutator","177","KILLED"
"testOrder","NegateConditionalsMutator","318","KILLED"
"testLongWithUnexpectedArgument1","ReturnValsMutator","53","KILLED"
"testOrder","ReturnValsMutator","58","KILLED"
"testOrder","ReturnValsMutator","88","KILLED"
"testPropertyOptionRequired","ReturnValsMutator","105","KILLED"
"testOrder","NegateConditionalsMutator","167","KILLED"
"testOrder","NegateConditionalsMutator","177","KILLED"
"testLongWithUnexpectedArgument1","NegateConditionalsMutator","182","KILLED"
"testLongWithUnexpectedArgument1","NegateConditionalsMutator","188","KILLED"
"testSingleDash","NegateConditionalsMutator","190","KILLED"
"testLongWithUnexpectedArgument1","NegateConditionalsMutator","201","KILLED"
"testLongWithUnexpectedArgument1","NegateConditionalsMutator","203","KILLED"
"testStopAtNonOptionLong","NegateConditionalsMutator","203","KILLED"
"testStopAtUnexpectedArg","NegateConditionalsMutator","219","KILLED"
"testStopAtNonOptionShort","NegateConditionalsMutator","226","KILLED"
"testStopAtNonOptionLong","NegateConditionalsMutator","228","KILLED"
"testStopAtNonOptionLong","NegateConditionalsMutator","233","KILLED"
"testOrder","ReturnValsMutator","244","KILLED"
"none","VoidMethodCallMutator","151","SURVIVED"
"testValidLongOnlyOptions","VoidMethodCallMutator","157","KILLED"
"testOrder","VoidMethodCallMutator","161","KILLED"
"testSingleDash","VoidMethodCallMutator","196","KILLED"
"testStopAtNonOptionLong","VoidMethodCallMutator","206","KILLED"
"testLongWithUnexpectedArgument1","VoidMethodCallMutator","210","KILLED"
"testNoOptionsExtraArgs","VoidMethodCallMutator","217","KILLED"
"testStopAtNonOptionLong","VoidMethodCallMutator","235","KILLED"
"testPropertyOptionUnexpected","VoidMethodCallMutator","241","KILLED"
"testMissingOptionException","VoidMethodCallMutator","242","KILLED"
"testStopAtNonOptionLong","ReturnValsMutator","123","KILLED"
"testMissingArg","NegateConditionalsMutator","338","KILLED"
"testLackOfError","NegateConditionalsMutator","343","KILLED"
"testLackOfError","NegateConditionalsMutator","343","KILLED"
"testMissingArg","NegateConditionalsMutator","361","KILLED"
"testMissingArg","NegateConditionalsMutator","361","KILLED"
"testNegativeArgument","VoidMethodCallMutator","352","KILLED"
"testLongWithUnexpectedArgument1","NegateConditionalsMutator","381","KILLED"
"testUnrecognizedOption","NegateConditionalsMutator","393","KILLED"
"test14786","VoidMethodCallMutator","390","KILLED"
"testMissingArg","VoidMethodCallMutator","395","KILLED"
"test14786","VoidMethodCallMutator","399","KILLED"
"testOrder","NegateConditionalsMutator","256","KILLED"
"testPropertyOptionUnexpected","NegateConditionalsMutator","261","KILLED"
"testPropertyOptionUnexpected","NegateConditionalsMutator","266","KILLED"
"testPropertyOptionRequired","NegateConditionalsMutator","273","KILLED"
"testTwoOptionsFromGroupWithProperties","NegateConditionalsMutator","273","KILLED"
"testPropertyOptionRequired","NegateConditionalsMutator","275","KILLED"
"testPropertyOptionRequired","NegateConditionalsMutator","275","KILLED"
"test31148","NegateConditionalsMutator","280","KILLED"
"test31148","NegateConditionalsMutator","282","KILLED"
"testPropertyOptionFlags","NegateConditionalsMutator","294","KILLED"
"testPropertyOptionRequired","NegateConditionalsMutator","295","KILLED"
"testPropertyOptionFlags","NegateConditionalsMutator","296","KILLED"
"test31148","VoidMethodCallMutator","286","KILLED"
"testPropertyOptionRequired","VoidMethodCallMutator","303","KILLED"
"testPropertyOptionRequired","VoidMethodCallMutator","304","KILLED"
"test14786","NegateConditionalsMutator","411","KILLED"
"testUnrecognizedOption","NegateConditionalsMutator","418","KILLED"
"test13935","NegateConditionalsMutator","422","KILLED"
"testOptionGroup","VoidMethodCallMutator","427","KILLED"
"testStripLeadingAndTrailingQuotes","ConditionalsBoundaryMutator","65","KILLED"
"testStripLeadingAndTrailingQuotes","MathMutator","65","KILLED"
"testStripLeadingAndTrailingQuotes","MathMutator","67","KILLED"
"testStripLeadingAndTrailingQuotes","NegateConditionalsMutator","65","KILLED"
"testStripLeadingAndTrailingQuotes","NegateConditionalsMutator","65","KILLED"
"testStripLeadingAndTrailingQuotes","NegateConditionalsMutator","65","KILLED"
"testStripLeadingAndTrailingQuotes","NegateConditionalsMutator","65","KILLED"
"testStripLeadingAndTrailingQuotes","ReturnValsMutator","70","KILLED"
"testStripLeadingHyphens","NegateConditionalsMutator","37","KILLED"
"testStripLeadingHyphens","NegateConditionalsMutator","41","KILLED"
"testStripLeadingHyphens","NegateConditionalsMutator","45","KILLED"
"testStripLeadingHyphens","ReturnValsMutator","39","KILLED"
"testStripLeadingHyphens","ReturnValsMutator","43","KILLED"
"testStripLeadingHyphens","ReturnValsMutator","47","KILLED"
"testDuplicateLong","ReturnValsMutator","50","KILLED"
"testOptionComparatorDefaultOrder","ReturnValsMutator","1090","KILLED"
