org.apache.commons.csv.CSVRecordTest.testGetString,org.pitest.mutationtest.engine.gregor.mutators.NegateConditionalsMutator<init>54,KILLED
org.apache.commons.csv.CSVRecordTest.testGetInt,org.pitest.mutationtest.engine.gregor.mutators.ReturnValsMutatorget79,KILLED
none,org.pitest.mutationtest.engine.gregor.mutators.ReturnValsMutatorget68,NO_COVERAGE
org.apache.commons.csv.CSVRecordTest.testGetString,org.pitest.mutationtest.engine.gregor.mutators.NegateConditionalsMutatorget96,KILLED
org.apache.commons.csv.CSVRecordTest.testGetString,org.pitest.mutationtest.engine.gregor.mutators.NegateConditionalsMutatorget101,KILLED
org.apache.commons.csv.CSVRecordTest.testGetString,org.pitest.mutationtest.engine.gregor.mutators.ReturnValsMutatorget106,KILLED
org.apache.commons.csv.CSVParserTest.testGetRecordPositionWithCRLF,org.pitest.mutationtest.engine.gregor.mutators.ReturnValsMutatorgetCharacterPosition121,KILLED
org.apache.commons.csv.CSVFileParserTest.testCSVFile[2],org.pitest.mutationtest.engine.gregor.mutators.ReturnValsMutatorgetComment133,KILLED
org.apache.commons.csv.CSVParserTest.testGetRecordNumberWithCRLF,org.pitest.mutationtest.engine.gregor.mutators.ReturnValsMutatorgetRecordNumber148,KILLED
none,org.pitest.mutationtest.engine.gregor.mutators.NegateConditionalsMutatorhasComment175,NO_COVERAGE
none,org.pitest.mutationtest.engine.gregor.mutators.ReturnValsMutatorhasComment175,NO_COVERAGE
org.apache.commons.csv.CSVRecordTest.testIsConsistent,org.pitest.mutationtest.engine.gregor.mutators.NegateConditionalsMutatorisConsistent162,KILLED
org.apache.commons.csv.CSVRecordTest.testIsConsistent,org.pitest.mutationtest.engine.gregor.mutators.NegateConditionalsMutatorisConsistent162,KILLED
org.apache.commons.csv.CSVRecordTest.testIsConsistent,org.pitest.mutationtest.engine.gregor.mutators.ReturnValsMutatorisConsistent162,KILLED
org.apache.commons.csv.CSVRecordTest.testIsMapped,org.pitest.mutationtest.engine.gregor.mutators.NegateConditionalsMutatorisMapped186,KILLED
org.apache.commons.csv.CSVRecordTest.testIsMapped,org.pitest.mutationtest.engine.gregor.mutators.NegateConditionalsMutatorisMapped186,KILLED
org.apache.commons.csv.CSVRecordTest.testIsMapped,org.pitest.mutationtest.engine.gregor.mutators.ReturnValsMutatorisMapped186,KILLED
org.apache.commons.csv.CSVParserTest.testMappedButNotSetAsOutlook2007ContactExport,org.pitest.mutationtest.engine.gregor.mutators.ConditionalsBoundaryMutatorisSet197,KILLED
org.apache.commons.csv.CSVRecordTest.testIsSet,org.pitest.mutationtest.engine.gregor.mutators.NegateConditionalsMutatorisSet197,KILLED
org.apache.commons.csv.CSVRecordTest.testIsSet,org.pitest.mutationtest.engine.gregor.mutators.NegateConditionalsMutatorisSet197,KILLED
org.apache.commons.csv.CSVRecordTest.testIsSet,org.pitest.mutationtest.engine.gregor.mutators.ReturnValsMutatorisSet197,KILLED
org.apache.commons.csv.CSVRecordTest.testIterator,org.pitest.mutationtest.engine.gregor.mutators.ReturnValsMutatoriterator207,KILLED
org.apache.commons.csv.CSVRecordTest.testToMapWithShortRecord,org.pitest.mutationtest.engine.gregor.mutators.ConditionalsBoundaryMutatorputIn223,KILLED
org.apache.commons.csv.CSVRecordTest.testToMap,org.pitest.mutationtest.engine.gregor.mutators.NegateConditionalsMutatorputIn218,KILLED
org.apache.commons.csv.CSVRecordTest.testToMap,org.pitest.mutationtest.engine.gregor.mutators.NegateConditionalsMutatorputIn223,KILLED
org.apache.commons.csv.CSVRecordTest.testToMapWithNoHeader,org.pitest.mutationtest.engine.gregor.mutators.ReturnValsMutatorputIn219,KILLED
org.apache.commons.csv.CSVRecordTest.testToMap,org.pitest.mutationtest.engine.gregor.mutators.ReturnValsMutatorputIn227,KILLED
org.apache.commons.csv.CSVParserTest.testTrailingDelimiter,org.pitest.mutationtest.engine.gregor.mutators.ReturnValsMutatorsize236,KILLED
org.apache.commons.csv.CSVRecordTest.testIterator,org.pitest.mutationtest.engine.gregor.mutators.ReturnValsMutatortoList247,KILLED
org.apache.commons.csv.CSVRecordTest.testToMap,org.pitest.mutationtest.engine.gregor.mutators.ReturnValsMutatortoMap256,KILLED
none,org.pitest.mutationtest.engine.gregor.mutators.ReturnValsMutatortoString267,NO_COVERAGE
org.apache.commons.csv.CSVParserTest.testGetOneLine,org.pitest.mutationtest.engine.gregor.mutators.ReturnValsMutatorvalues273,KILLED
none,org.pitest.mutationtest.engine.gregor.mutators.VoidMethodCallMutatorclose188,SURVIVED
org.apache.commons.csv.ExtendedBufferedReaderTest.testReadLookahead1,org.pitest.mutationtest.engine.gregor.mutators.MathMutatorgetCurrentLineNumber161,KILLED
org.apache.commons.csv.ExtendedBufferedReaderTest.testReadLookahead1,org.pitest.mutationtest.engine.gregor.mutators.NegateConditionalsMutatorgetCurrentLineNumber158,KILLED
org.apache.commons.csv.ExtendedBufferedReaderTest.testReadLookahead1,org.pitest.mutationtest.engine.gregor.mutators.NegateConditionalsMutatorgetCurrentLineNumber158,KILLED
org.apache.commons.csv.ExtendedBufferedReaderTest.testReadChar,org.pitest.mutationtest.engine.gregor.mutators.NegateConditionalsMutatorgetCurrentLineNumber158,KILLED
org.apache.commons.csv.ExtendedBufferedReaderTest.testReadChar,org.pitest.mutationtest.engine.gregor.mutators.NegateConditionalsMutatorgetCurrentLineNumber158,KILLED
org.apache.commons.csv.ExtendedBufferedReaderTest.testReadChar,org.pitest.mutationtest.engine.gregor.mutators.ReturnValsMutatorgetCurrentLineNumber159,KILLED
org.apache.commons.csv.ExtendedBufferedReaderTest.testReadLookahead1,org.pitest.mutationtest.engine.gregor.mutators.ReturnValsMutatorgetCurrentLineNumber161,KILLED
org.apache.commons.csv.ExtendedBufferedReaderTest.testEmptyInput,org.pitest.mutationtest.engine.gregor.mutators.ReturnValsMutatorgetLastChar76,KILLED
org.apache.commons.csv.CSVParserTest.testGetRecordPositionWithCRLF,org.pitest.mutationtest.engine.gregor.mutators.ReturnValsMutatorgetPosition170,KILLED
org.apache.commons.csv.CSVParserTest.testIterator,org.pitest.mutationtest.engine.gregor.mutators.ReturnValsMutatorisClosed174,KILLED
org.apache.commons.csv.ExtendedBufferedReaderTest.testEmptyInput,org.pitest.mutationtest.engine.gregor.mutators.ReturnValsMutatorlookAhead148,KILLED
org.apache.commons.csv.ExtendedBufferedReaderTest.testEmptyInput,org.pitest.mutationtest.engine.gregor.mutators.VoidMethodCallMutatorlookAhead144,KILLED
org.apache.commons.csv.ExtendedBufferedReaderTest.testReadLookahead2,org.pitest.mutationtest.engine.gregor.mutators.VoidMethodCallMutatorlookAhead146,KILLED
org.apache.commons.csv.ExtendedBufferedReaderTest.testReadChar,org.pitest.mutationtest.engine.gregor.mutators.MathMutatorread60,KILLED
org.apache.commons.csv.CSVParserTest.testGetRecordPositionWithCRLF,org.pitest.mutationtest.engine.gregor.mutators.MathMutatorread63,KILLED
org.apache.commons.csv.ExtendedBufferedReaderTest.testReadChar,org.pitest.mutationtest.engine.gregor.mutators.NegateConditionalsMutatorread59,KILLED
org.apache.commons.csv.ExtendedBufferedReaderTest.testReadChar,org.pitest.mutationtest.engine.gregor.mutators.NegateConditionalsMutatorread59,KILLED
org.apache.commons.csv.ExtendedBufferedReaderTest.testReadChar,org.pitest.mutationtest.engine.gregor.mutators.NegateConditionalsMutatorread59,KILLED
org.apache.commons.csv.ExtendedBufferedReaderTest.testEmptyInput,org.pitest.mutationtest.engine.gregor.mutators.ReturnValsMutatorread64,KILLED
none,org.pitest.mutationtest.engine.gregor.mutators.ConditionalsBoundaryMutatorread87,SURVIVED
org.apache.commons.csv.ExtendedBufferedReaderTest.testReadLookahead2,org.pitest.mutationtest.engine.gregor.mutators.ConditionalsBoundaryMutatorread89,KILLED
org.apache.commons.csv.ExtendedBufferedReaderTest.testReadChar,org.pitest.mutationtest.engine.gregor.mutators.ConditionalsBoundaryMutatorread92,KILLED
org.apache.commons.csv.ExtendedBufferedReaderTest.testReadLookahead2,org.pitest.mutationtest.engine.gregor.mutators.IncrementsMutatorread89,KILLED
org.apache.commons.csv.ExtendedBufferedReaderTest.testReadChar,org.pitest.mutationtest.engine.gregor.mutators.MathMutatorread89,KILLED
org.apache.commons.csv.ExtendedBufferedReaderTest.testReadChar,org.pitest.mutationtest.engine.gregor.mutators.MathMutatorread92,KILLED
org.apache.commons.csv.ExtendedBufferedReaderTest.testReadChar,org.pitest.mutationtest.engine.gregor.mutators.MathMutatorread93,KILLED
org.apache.commons.csv.ExtendedBufferedReaderTest.testReadChar,org.pitest.mutationtest.engine.gregor.mutators.MathMutatorread96,KILLED
org.apache.commons.csv.ExtendedBufferedReaderTest.testReadLookahead2,org.pitest.mutationtest.engine.gregor.mutators.MathMutatorread100,KILLED
org.apache.commons.csv.ExtendedBufferedReaderTest.testReadLookahead2,org.pitest.mutationtest.engine.gregor.mutators.MathMutatorread100,KILLED
none,org.pitest.mutationtest.engine.gregor.mutators.MathMutatorread106,SURVIVED
org.apache.commons.csv.ExtendedBufferedReaderTest.testReadLookahead2,org.pitest.mutationtest.engine.gregor.mutators.NegateConditionalsMutatorread81,KILLED
org.apache.commons.csv.ExtendedBufferedReaderTest.testReadLookahead2,org.pitest.mutationtest.engine.gregor.mutators.NegateConditionalsMutatorread87,KILLED
org.apache.commons.csv.ExtendedBufferedReaderTest.testReadChar,org.pitest.mutationtest.engine.gregor.mutators.NegateConditionalsMutatorread89,KILLED
org.apache.commons.csv.ExtendedBufferedReaderTest.testReadChar,org.pitest.mutationtest.engine.gregor.mutators.NegateConditionalsMutatorread91,KILLED
org.apache.commons.csv.ExtendedBufferedReaderTest.testReadChar,org.pitest.mutationtest.engine.gregor.mutators.NegateConditionalsMutatorread92,KILLED
org.apache.commons.csv.ExtendedBufferedReaderTest.testReadChar,org.pitest.mutationtest.engine.gregor.mutators.NegateConditionalsMutatorread92,KILLED
org.apache.commons.csv.ExtendedBufferedReaderTest.testReadChar,org.pitest.mutationtest.engine.gregor.mutators.NegateConditionalsMutatorread95,KILLED
none,org.pitest.mutationtest.engine.gregor.mutators.NegateConditionalsMutatorread102,SURVIVED
org.apache.commons.csv.ExtendedBufferedReaderTest.testEmptyInput,org.pitest.mutationtest.engine.gregor.mutators.ReturnValsMutatorread82,KILLED
org.apache.commons.csv.ExtendedBufferedReaderTest.testReadLookahead2,org.pitest.mutationtest.engine.gregor.mutators.ReturnValsMutatorread107,KILLED
org.apache.commons.csv.ExtendedBufferedReaderTest.testReadChar,org.pitest.mutationtest.engine.gregor.mutators.MathMutatorreadLine126,KILLED
org.apache.commons.csv.ExtendedBufferedReaderTest.testReadChar,org.pitest.mutationtest.engine.gregor.mutators.NegateConditionalsMutatorreadLine124,KILLED
org.apache.commons.csv.ExtendedBufferedReaderTest.testEmptyInput,org.pitest.mutationtest.engine.gregor.mutators.ReturnValsMutatorreadLine131,KILLED
org.apache.commons.csv.CSVParserTest.testGetOneLine,org.pitest.mutationtest.engine.gregor.mutators.VoidMethodCallMutatorreset59,KILLED
none,org.pitest.mutationtest.engine.gregor.mutators.ReturnValsMutatortoString71,NO_COVERAGE
org.apache.commons.csv.CSVFormatPredefinedTest.testMySQL,org.pitest.mutationtest.engine.gregor.mutators.ReturnValsMutatorgetFormat230,KILLED
org.apache.commons.csv.CSVParserTest.testClose,org.pitest.mutationtest.engine.gregor.mutators.VoidMethodCallMutatorclose459,KILLED
org.apache.commons.csv.CSVParserTest.testGetRecordPositionWithCRLF,org.pitest.mutationtest.engine.gregor.mutators.ReturnValsMutatorgetCharacterPosition316,KILLED
org.apache.commons.csv.CSVParserTest.testGetLineNumberWithCR,org.pitest.mutationtest.engine.gregor.mutators.ReturnValsMutatorgetCurrentLineNumber307,KILLED
org.apache.commons.csv.CSVParserTest.testFirstEndOfLineLf,org.pitest.mutationtest.engine.gregor.mutators.ReturnValsMutatorgetFirstEol64,KILLED
org.apache.commons.csv.CSVParserTest.testIterator,org.pitest.mutationtest.engine.gregor.mutators.ReturnValsMutatorisClosed401,KILLED
org.apache.commons.csv.LexerTest.testEscapingAtEOF,org.pitest.mutationtest.engine.gregor.mutators.NegateConditionalsMutatorisCommentStart441,KILLED
org.apache.commons.csv.LexerTest.testEscapingAtEOF,org.pitest.mutationtest.engine.gregor.mutators.ReturnValsMutatorisCommentStart441,KILLED
org.apache.commons.csv.LexerTest.testEscapingAtEOF,org.pitest.mutationtest.engine.gregor.mutators.NegateConditionalsMutatorisDelimiter429,KILLED
org.apache.commons.csv.LexerTest.testEscapingAtEOF,org.pitest.mutationtest.engine.gregor.mutators.ReturnValsMutatorisDelimiter429,KILLED
org.apache.commons.csv.LexerTest.testEscapingAtEOF,org.pitest.mutationtest.engine.gregor.mutators.NegateConditionalsMutatorisEndOfFile425,KILLED
org.apache.commons.csv.LexerTest.testEscapingAtEOF,org.pitest.mutationtest.engine.gregor.mutators.ReturnValsMutatorisEndOfFile425,KILLED
org.apache.commons.csv.LexerTest.testEscapingAtEOF,org.pitest.mutationtest.engine.gregor.mutators.NegateConditionalsMutatorisEscape433,KILLED
org.apache.commons.csv.LexerTest.testEscapingAtEOF,org.pitest.mutationtest.engine.gregor.mutators.ReturnValsMutatorisEscape433,KILLED
org.apache.commons.csv.LexerTest.testEscapedCharacter,org.pitest.mutationtest.engine.gregor.mutators.NegateConditionalsMutatorisMetaChar445,KILLED
org.apache.commons.csv.LexerTest.testEscapedCharacter,org.pitest.mutationtest.engine.gregor.mutators.NegateConditionalsMutatorisMetaChar445,KILLED
org.apache.commons.csv.LexerTest.testEscapedCharacter,org.pitest.mutationtest.engine.gregor.mutators.NegateConditionalsMutatorisMetaChar445,KILLED
org.apache.commons.csv.LexerTest.testEscapedCharacter,org.pitest.mutationtest.engine.gregor.mutators.NegateConditionalsMutatorisMetaChar445,KILLED
org.apache.commons.csv.LexerTest.testEscapedCharacter,org.pitest.mutationtest.engine.gregor.mutators.ReturnValsMutatorisMetaChar445,KILLED
none,org.pitest.mutationtest.engine.gregor.mutators.NegateConditionalsMutatorisQuoteChar437,TIMED_OUT
none,org.pitest.mutationtest.engine.gregor.mutators.ReturnValsMutatorisQuoteChar437,TIMED_OUT
org.apache.commons.csv.LexerTest.testIgnoreEmptyLines,org.pitest.mutationtest.engine.gregor.mutators.NegateConditionalsMutatorisStartOfLine418,KILLED
org.apache.commons.csv.LexerTest.testIgnoreEmptyLines,org.pitest.mutationtest.engine.gregor.mutators.NegateConditionalsMutatorisStartOfLine418,KILLED
org.apache.commons.csv.LexerTest.testIgnoreEmptyLines,org.pitest.mutationtest.engine.gregor.mutators.NegateConditionalsMutatorisStartOfLine418,KILLED
org.apache.commons.csv.LexerTest.testIgnoreEmptyLines,org.pitest.mutationtest.engine.gregor.mutators.ReturnValsMutatorisStartOfLine418,KILLED
org.apache.commons.csv.LexerTest.testDelimiterIsWhitespace,org.pitest.mutationtest.engine.gregor.mutators.NegateConditionalsMutatorisWhitespace408,KILLED
org.apache.commons.csv.LexerTest.testDelimiterIsWhitespace,org.pitest.mutationtest.engine.gregor.mutators.NegateConditionalsMutatorisWhitespace408,KILLED
org.apache.commons.csv.LexerTest.testDelimiterIsWhitespace,org.pitest.mutationtest.engine.gregor.mutators.ReturnValsMutatorisWhitespace408,KILLED
org.apache.commons.csv.LexerTest.testEscapingAtEOF,org.pitest.mutationtest.engine.gregor.mutators.NegateConditionalsMutatormapNullToDisabled298,KILLED
org.apache.commons.csv.LexerTest.testEscapingAtEOF,org.pitest.mutationtest.engine.gregor.mutators.ReturnValsMutatormapNullToDisabled298,KILLED
org.apache.commons.csv.LexerTest.testIgnoreEmptyLines,org.pitest.mutationtest.engine.gregor.mutators.NegateConditionalsMutatornextToken103,KILLED
org.apache.commons.csv.LexerTest.testBackspace,org.pitest.mutationtest.engine.gregor.mutators.NegateConditionalsMutatornextToken104,KILLED
org.apache.commons.csv.LexerTest.testIgnoreEmptyLines,org.pitest.mutationtest.engine.gregor.mutators.NegateConditionalsMutatornextToken104,KILLED
org.apache.commons.csv.LexerTest.testIgnoreEmptyLines,org.pitest.mutationtest.engine.gregor.mutators.NegateConditionalsMutatornextToken110,KILLED
org.apache.commons.csv.LexerTest.testEscapingAtEOF,org.pitest.mutationtest.engine.gregor.mutators.NegateConditionalsMutatornextToken119,KILLED
org.apache.commons.csv.CSVParserTest.testEmptyFile,org.pitest.mutationtest.engine.gregor.mutators.NegateConditionalsMutatornextToken119,KILLED
org.apache.commons.csv.LexerTest.testEscapingAtEOF,org.pitest.mutationtest.engine.gregor.mutators.NegateConditionalsMutatornextToken119,KILLED
org.apache.commons.csv.LexerTest.testComments,org.pitest.mutationtest.engine.gregor.mutators.NegateConditionalsMutatornextToken125,KILLED
org.apache.commons.csv.LexerTest.testEscapingAtEOF,org.pitest.mutationtest.engine.gregor.mutators.NegateConditionalsMutatornextToken125,KILLED
org.apache.commons.csv.LexerTest.testComments,org.pitest.mutationtest.engine.gregor.mutators.NegateConditionalsMutatornextToken127,KILLED
org.apache.commons.csv.LexerTest.testEscapingAtEOF,org.pitest.mutationtest.engine.gregor.mutators.NegateConditionalsMutatornextToken139,KILLED
org.apache.commons.csv.LexerTest.testDelimiterIsWhitespace,org.pitest.mutationtest.engine.gregor.mutators.NegateConditionalsMutatornextToken141,KILLED
org.apache.commons.csv.LexerTest.testDelimiterIsWhitespace,org.pitest.mutationtest.engine.gregor.mutators.NegateConditionalsMutatornextToken142,KILLED
org.apache.commons.csv.LexerTest.testDelimiterIsWhitespace,org.pitest.mutationtest.engine.gregor.mutators.NegateConditionalsMutatornextToken142,KILLED
org.apache.commons.csv.LexerTest.testEscapingAtEOF,org.pitest.mutationtest.engine.gregor.mutators.NegateConditionalsMutatornextToken149,KILLED
org.apache.commons.csv.LexerTest.testEscapingAtEOF,org.pitest.mutationtest.engine.gregor.mutators.NegateConditionalsMutatornextToken152,KILLED
org.apache.commons.csv.LexerTest.testBackspace,org.pitest.mutationtest.engine.gregor.mutators.NegateConditionalsMutatornextToken156,KILLED
org.apache.commons.csv.LexerTest.testEscapingAtEOF,org.pitest.mutationtest.engine.gregor.mutators.NegateConditionalsMutatornextToken159,KILLED
org.apache.commons.csv.LexerTest.testIgnoreEmptyLines,org.pitest.mutationtest.engine.gregor.mutators.ReturnValsMutatornextToken113,KILLED
org.apache.commons.csv.LexerTest.testIgnoreEmptyLines,org.pitest.mutationtest.engine.gregor.mutators.ReturnValsMutatornextToken122,KILLED
none,org.pitest.mutationtest.engine.gregor.mutators.ReturnValsMutatornextToken130,NO_COVERAGE
org.apache.commons.csv.LexerTest.testComments,org.pitest.mutationtest.engine.gregor.mutators.ReturnValsMutatornextToken135,KILLED
org.apache.commons.csv.LexerTest.testBackspace,org.pitest.mutationtest.engine.gregor.mutators.ReturnValsMutatornextToken170,KILLED
org.apache.commons.csv.LexerTest.testNextToken5,org.pitest.mutationtest.engine.gregor.mutators.NegateConditionalsMutatorparseEncapsulatedToken253,KILLED
org.apache.commons.csv.CSVParserTest.testBackslashEscaping,org.pitest.mutationtest.engine.gregor.mutators.NegateConditionalsMutatorparseEncapsulatedToken255,KILLED
org.apache.commons.csv.LexerTest.testNextToken5,org.pitest.mutationtest.engine.gregor.mutators.NegateConditionalsMutatorparseEncapsulatedToken260,KILLED
org.apache.commons.csv.LexerTest.testNextToken5,org.pitest.mutationtest.engine.gregor.mutators.NegateConditionalsMutatorparseEncapsulatedToken261,KILLED
org.apache.commons.csv.LexerTest.testNextToken5,org.pitest.mutationtest.engine.gregor.mutators.NegateConditionalsMutatorparseEncapsulatedToken269,KILLED
org.apache.commons.csv.LexerTest.testNextToken5,org.pitest.mutationtest.engine.gregor.mutators.NegateConditionalsMutatorparseEncapsulatedToken272,KILLED
org.apache.commons.csv.LexerTest.testNextToken5,org.pitest.mutationtest.engine.gregor.mutators.NegateConditionalsMutatorparseEncapsulatedToken276,KILLED
org.apache.commons.csv.LexerTest.testNextToken4,org.pitest.mutationtest.engine.gregor.mutators.NegateConditionalsMutatorparseEncapsulatedToken279,KILLED
org.apache.commons.csv.LexerTest.testNextToken5,org.pitest.mutationtest.engine.gregor.mutators.NegateConditionalsMutatorparseEncapsulatedToken286,KILLED
none,org.pitest.mutationtest.engine.gregor.mutators.ReturnValsMutatorparseEncapsulatedToken271,SURVIVED
none,org.pitest.mutationtest.engine.gregor.mutators.ReturnValsMutatorparseEncapsulatedToken275,SURVIVED
none,org.pitest.mutationtest.engine.gregor.mutators.ReturnValsMutatorparseEncapsulatedToken278,SURVIVED
org.apache.commons.csv.LexerTest.testEscapingAtEOF,org.pitest.mutationtest.engine.gregor.mutators.NegateConditionalsMutatorparseSimpleToken195,KILLED
org.apache.commons.csv.LexerTest.testEscapingAtEOF,org.pitest.mutationtest.engine.gregor.mutators.NegateConditionalsMutatorparseSimpleToken198,KILLED
org.apache.commons.csv.LexerTest.testEscapingAtEOF,org.pitest.mutationtest.engine.gregor.mutators.NegateConditionalsMutatorparseSimpleToken202,KILLED
org.apache.commons.csv.LexerTest.testEscapingAtEOF,org.pitest.mutationtest.engine.gregor.mutators.NegateConditionalsMutatorparseSimpleToken205,KILLED
org.apache.commons.csv.LexerTest.testEscapedBackspace,org.pitest.mutationtest.engine.gregor.mutators.NegateConditionalsMutatorparseSimpleToken207,KILLED
org.apache.commons.csv.LexerTest.testDelimiterIsWhitespace,org.pitest.mutationtest.engine.gregor.mutators.NegateConditionalsMutatorparseSimpleToken219,KILLED
none,org.pitest.mutationtest.engine.gregor.mutators.ReturnValsMutatorparseSimpleToken223,SURVIVED
org.apache.commons.csv.LexerTest.testDelimiterIsWhitespace,org.pitest.mutationtest.engine.gregor.mutators.VoidMethodCallMutatorparseSimpleToken220,KILLED
org.apache.commons.csv.LexerTest.testEscapedLF,org.pitest.mutationtest.engine.gregor.mutators.NegateConditionalsMutatorreadEndOfLine380,KILLED
org.apache.commons.csv.LexerTest.testCR,org.pitest.mutationtest.engine.gregor.mutators.NegateConditionalsMutatorreadEndOfLine380,KILLED
none,org.pitest.mutationtest.engine.gregor.mutators.NegateConditionalsMutatorreadEndOfLine384,SURVIVED
org.apache.commons.csv.CSVParserTest.testFirstEndOfLineLf,org.pitest.mutationtest.engine.gregor.mutators.NegateConditionalsMutatorreadEndOfLine389,KILLED
org.apache.commons.csv.CSVParserTest.testFirstEndOfLineCrLf,org.pitest.mutationtest.engine.gregor.mutators.NegateConditionalsMutatorreadEndOfLine390,KILLED
org.apache.commons.csv.CSVParserTest.testFirstEndOfLineLf,org.pitest.mutationtest.engine.gregor.mutators.NegateConditionalsMutatorreadEndOfLine392,KILLED
org.apache.commons.csv.LexerTest.testEscapingAtEOF,org.pitest.mutationtest.engine.gregor.mutators.NegateConditionalsMutatorreadEndOfLine397,KILLED
org.apache.commons.csv.LexerTest.testEscapingAtEOF,org.pitest.mutationtest.engine.gregor.mutators.NegateConditionalsMutatorreadEndOfLine397,KILLED
org.apache.commons.csv.LexerTest.testEscapingAtEOF,org.pitest.mutationtest.engine.gregor.mutators.ReturnValsMutatorreadEndOfLine397,KILLED
org.apache.commons.csv.LexerTest.testEscapedCharacter,org.pitest.mutationtest.engine.gregor.mutators.NegateConditionalsMutatorreadEscape355,KILLED
org.apache.commons.csv.LexerTest.testEscapedControlCharacter,org.pitest.mutationtest.engine.gregor.mutators.ReturnValsMutatorreadEscape336,KILLED
org.apache.commons.csv.CSVPrinterTest.testMySqlNullOutput,org.pitest.mutationtest.engine.gregor.mutators.ReturnValsMutatorreadEscape338,KILLED
none,org.pitest.mutationtest.engine.gregor.mutators.ReturnValsMutatorreadEscape340,NO_COVERAGE
none,org.pitest.mutationtest.engine.gregor.mutators.ReturnValsMutatorreadEscape342,NO_COVERAGE
none,org.pitest.mutationtest.engine.gregor.mutators.ReturnValsMutatorreadEscape344,NO_COVERAGE
org.apache.commons.csv.LexerTest.testEscapedBackspace,org.pitest.mutationtest.engine.gregor.mutators.ReturnValsMutatorreadEscape350,KILLED
org.apache.commons.csv.LexerTest.testBackslashWithEscaping,org.pitest.mutationtest.engine.gregor.mutators.ReturnValsMutatorreadEscape356,KILLED
org.apache.commons.csv.LexerTest.testEscapedCharacter,org.pitest.mutationtest.engine.gregor.mutators.ReturnValsMutatorreadEscape359,KILLED
none,org.pitest.mutationtest.engine.gregor.mutators.ConditionalsBoundaryMutatortrimTrailingSpaces365,SURVIVED
org.apache.commons.csv.LexerTest.testDelimiterIsWhitespace,org.pitest.mutationtest.engine.gregor.mutators.MathMutatortrimTrailingSpaces365,KILLED
org.apache.commons.csv.LexerTest.testDelimiterIsWhitespace,org.pitest.mutationtest.engine.gregor.mutators.MathMutatortrimTrailingSpaces366,KILLED
org.apache.commons.csv.LexerTest.testDelimiterIsWhitespace,org.pitest.mutationtest.engine.gregor.mutators.NegateConditionalsMutatortrimTrailingSpaces365,KILLED
org.apache.commons.csv.LexerTest.testDelimiterIsWhitespace,org.pitest.mutationtest.engine.gregor.mutators.NegateConditionalsMutatortrimTrailingSpaces365,KILLED
org.apache.commons.csv.LexerTest.testDelimiterIsWhitespace,org.pitest.mutationtest.engine.gregor.mutators.NegateConditionalsMutatortrimTrailingSpaces368,KILLED
org.apache.commons.csv.LexerTest.testDelimiterIsWhitespace,org.pitest.mutationtest.engine.gregor.mutators.VoidMethodCallMutatortrimTrailingSpaces369,KILLED
org.apache.commons.csv.AssertionsTest.testNotNullNull,org.pitest.mutationtest.engine.gregor.mutators.NegateConditionalsMutatornotNull34,KILLED
org.apache.commons.csv.CSVParserTest.testGetRecordNumberWithCRLF,org.pitest.mutationtest.engine.gregor.mutators.MathMutator<init>361,KILLED
org.apache.commons.csv.CSVParserTest.testNewCSVParserNullReaderFormat,org.pitest.mutationtest.engine.gregor.mutators.VoidMethodCallMutator<init>353,KILLED
org.apache.commons.csv.CSVParserTest.testNewCSVParserReaderNullFormat,org.pitest.mutationtest.engine.gregor.mutators.VoidMethodCallMutator<init>354,KILLED
org.apache.commons.csv.CSVParserTest.testExcelFormat1,org.pitest.mutationtest.engine.gregor.mutators.NegateConditionalsMutatoraddRecordValue366,KILLED
org.apache.commons.csv.CSVParserTest.testTrailingDelimiter,org.pitest.mutationtest.engine.gregor.mutators.NegateConditionalsMutatoraddRecordValue367,KILLED
org.apache.commons.csv.CSVParserTest.testTrailingDelimiter,org.pitest.mutationtest.engine.gregor.mutators.NegateConditionalsMutatoraddRecordValue367,KILLED
org.apache.commons.csv.CSVParserTest.testExcelFormat2,org.pitest.mutationtest.engine.gregor.mutators.NegateConditionalsMutatoraddRecordValue367,KILLED
org.apache.commons.csv.CSVParserTest.testGetOneLine,org.pitest.mutationtest.engine.gregor.mutators.NegateConditionalsMutatoraddRecordValue371,KILLED
org.apache.commons.csv.CSVParserTest.testClose,org.pitest.mutationtest.engine.gregor.mutators.NegateConditionalsMutatorclose382,KILLED
org.apache.commons.csv.CSVParserTest.testClose,org.pitest.mutationtest.engine.gregor.mutators.VoidMethodCallMutatorclose383,KILLED
org.apache.commons.csv.CSVParserTest.testGetLineNumberWithCR,org.pitest.mutationtest.engine.gregor.mutators.ReturnValsMutatorgetCurrentLineNumber398,KILLED
org.apache.commons.csv.CSVParserTest.testFirstEndOfLineLf,org.pitest.mutationtest.engine.gregor.mutators.ReturnValsMutatorgetFirstEndOfLine408,KILLED
org.apache.commons.csv.CSVParserTest.testNoHeaderMap,org.pitest.mutationtest.engine.gregor.mutators.NegateConditionalsMutatorgetHeaderMap419,KILLED
org.apache.commons.csv.CSVParserTest.testNoHeaderMap,org.pitest.mutationtest.engine.gregor.mutators.ReturnValsMutatorgetHeaderMap419,KILLED
org.apache.commons.csv.CSVParserTest.testGetRecordNumberWithCRLF,org.pitest.mutationtest.engine.gregor.mutators.ReturnValsMutatorgetRecordNumber433,KILLED
none,org.pitest.mutationtest.engine.gregor.mutators.NegateConditionalsMutatorgetRecords451,TIMED_OUT
org.apache.commons.csv.CSVParserTest.testCSV57,org.pitest.mutationtest.engine.gregor.mutators.ReturnValsMutatorgetRecords454,KILLED
org.apache.commons.csv.CSVParserTest.testSkipAutoHeader,org.pitest.mutationtest.engine.gregor.mutators.ConditionalsBoundaryMutatorinitializeHeader487,KILLED
org.apache.commons.csv.CSVParserTest.testDuplicateHeaders,org.pitest.mutationtest.engine.gregor.mutators.IncrementsMutatorinitializeHeader487,KILLED
org.apache.commons.csv.CSVParserTest.testEmptyFile,org.pitest.mutationtest.engine.gregor.mutators.NegateConditionalsMutatorinitializeHeader466,KILLED
org.apache.commons.csv.CSVParserTest.testIgnoreCaseHeaderMapping,org.pitest.mutationtest.engine.gregor.mutators.NegateConditionalsMutatorinitializeHeader467,KILLED
org.apache.commons.csv.CSVParserTest.testDuplicateHeaders,org.pitest.mutationtest.engine.gregor.mutators.NegateConditionalsMutatorinitializeHeader472,KILLED
org.apache.commons.csv.CSVParserTest.testDuplicateHeaders,org.pitest.mutationtest.engine.gregor.mutators.NegateConditionalsMutatorinitializeHeader475,KILLED
org.apache.commons.csv.CSVParserTest.testSkipSetAltHeaders,org.pitest.mutationtest.engine.gregor.mutators.NegateConditionalsMutatorinitializeHeader479,KILLED
org.apache.commons.csv.CSVParserTest.testDuplicateHeaders,org.pitest.mutationtest.engine.gregor.mutators.NegateConditionalsMutatorinitializeHeader486,KILLED
org.apache.commons.csv.CSVParserTest.testDuplicateHeaders,org.pitest.mutationtest.engine.gregor.mutators.NegateConditionalsMutatorinitializeHeader487,KILLED
org.apache.commons.csv.CSVParserTest.testHeaderMissingWithNull,org.pitest.mutationtest.engine.gregor.mutators.NegateConditionalsMutatorinitializeHeader490,KILLED
org.apache.commons.csv.CSVParserTest.testExcelHeaderCountLessThanData,org.pitest.mutationtest.engine.gregor.mutators.NegateConditionalsMutatorinitializeHeader490,KILLED
org.apache.commons.csv.CSVParserTest.testSkipAutoHeader,org.pitest.mutationtest.engine.gregor.mutators.NegateConditionalsMutatorinitializeHeader491,KILLED
org.apache.commons.csv.CSVParserTest.testExcelHeaderCountLessThanData,org.pitest.mutationtest.engine.gregor.mutators.NegateConditionalsMutatorinitializeHeader491,KILLED
org.apache.commons.csv.CSVParserTest.testHeadersMissingException,org.pitest.mutationtest.engine.gregor.mutators.NegateConditionalsMutatorinitializeHeader491,KILLED
org.apache.commons.csv.CSVParserTest.testEmptyFile,org.pitest.mutationtest.engine.gregor.mutators.ReturnValsMutatorinitializeHeader499,KILLED
org.apache.commons.csv.CSVParserTest.testIterator,org.pitest.mutationtest.engine.gregor.mutators.ReturnValsMutatorisClosed508,KILLED
org.apache.commons.csv.CSVParserTest.testIterator,org.pitest.mutationtest.engine.gregor.mutators.ReturnValsMutatoriterator525,KILLED
org.apache.commons.csv.CSVParserTest.testGetRecordPositionWithCRLF,org.pitest.mutationtest.engine.gregor.mutators.MathMutatornextRecord588,KILLED
org.apache.commons.csv.CSVParserTest.testGetRecordNumberWithCRLF,org.pitest.mutationtest.engine.gregor.mutators.MathMutatornextRecord621,KILLED
org.apache.commons.csv.CSVParserTest.testEmptyFile,org.pitest.mutationtest.engine.gregor.mutators.NegateConditionalsMutatornextRecord600,KILLED
org.apache.commons.csv.CSVParserTest.testHeaderComment,org.pitest.mutationtest.engine.gregor.mutators.NegateConditionalsMutatornextRecord607,KILLED
none,org.pitest.mutationtest.engine.gregor.mutators.NegateConditionalsMutatornextRecord618,TIMED_OUT
org.apache.commons.csv.CSVParserTest.testEmptyFile,org.pitest.mutationtest.engine.gregor.mutators.NegateConditionalsMutatornextRecord620,KILLED
org.apache.commons.csv.CSVParserTest.testGetOneLine,org.pitest.mutationtest.engine.gregor.mutators.NegateConditionalsMutatornextRecord622,KILLED
org.apache.commons.csv.CSVParserTest.testEmptyFile,org.pitest.mutationtest.engine.gregor.mutators.ReturnValsMutatornextRecord626,KILLED
none,org.pitest.mutationtest.engine.gregor.mutators.VoidMethodCallMutatornextRecord586,TIMED_OUT
org.apache.commons.csv.CSVParserTest.testGetOneLine,org.pitest.mutationtest.engine.gregor.mutators.VoidMethodCallMutatornextRecord590,KILLED
org.apache.commons.csv.CSVParserTest.testGetOneLine,org.pitest.mutationtest.engine.gregor.mutators.VoidMethodCallMutatornextRecord594,KILLED
org.apache.commons.csv.CSVParserTest.testCarriageReturnEndings,org.pitest.mutationtest.engine.gregor.mutators.VoidMethodCallMutatornextRecord597,KILLED
org.apache.commons.csv.CSVParserTest.testGetOneLine,org.pitest.mutationtest.engine.gregor.mutators.VoidMethodCallMutatornextRecord601,KILLED
org.apache.commons.csv.CSVFileParserTest.testCSVFile[2],org.pitest.mutationtest.engine.gregor.mutators.ReturnValsMutatorparse155,KILLED
org.apache.commons.csv.CSVParserTest.testParseNullUrlCharsetFormat,org.pitest.mutationtest.engine.gregor.mutators.VoidMethodCallMutatorparse153,KILLED
org.apache.commons.csv.CSVParserTest.testParseFileNullFormat,org.pitest.mutationtest.engine.gregor.mutators.VoidMethodCallMutatorparse154,KILLED
none,org.pitest.mutationtest.engine.gregor.mutators.ReturnValsMutatorparse184,NO_COVERAGE
none,org.pitest.mutationtest.engine.gregor.mutators.VoidMethodCallMutatorparse182,NO_COVERAGE
none,org.pitest.mutationtest.engine.gregor.mutators.VoidMethodCallMutatorparse183,NO_COVERAGE
none,org.pitest.mutationtest.engine.gregor.mutators.ReturnValsMutatorparse229,NO_COVERAGE
org.apache.commons.csv.CSVParserTest.testEmptyFile,org.pitest.mutationtest.engine.gregor.mutators.ReturnValsMutatorparse249,KILLED
org.apache.commons.csv.CSVParserTest.testParseNullStringFormat,org.pitest.mutationtest.engine.gregor.mutators.VoidMethodCallMutatorparse246,KILLED
none,org.pitest.mutationtest.engine.gregor.mutators.VoidMethodCallMutatorparse247,SURVIVED
none,org.pitest.mutationtest.engine.gregor.mutators.ReturnValsMutatorparse277,NO_COVERAGE
none,org.pitest.mutationtest.engine.gregor.mutators.VoidMethodCallMutatorparse273,SURVIVED
org.apache.commons.csv.CSVParserTest.testParserUrlNullCharsetFormat,org.pitest.mutationtest.engine.gregor.mutators.VoidMethodCallMutatorparse274,KILLED
none,org.pitest.mutationtest.engine.gregor.mutators.VoidMethodCallMutatorparse275,SURVIVED
none,org.pitest.mutationtest.engine.gregor.mutators.ReturnValsMutatorparse206,NO_COVERAGE
none,org.pitest.mutationtest.engine.gregor.mutators.VoidMethodCallMutatorparse204,NO_COVERAGE
none,org.pitest.mutationtest.engine.gregor.mutators.VoidMethodCallMutatorparse205,NO_COVERAGE
org.apache.commons.csv.CSVFormatTest.testWithQuotePolicy,org.pitest.mutationtest.engine.gregor.mutators.NegateConditionalsMutator<init>687,KILLED
org.apache.commons.csv.CSVFormatTest.testQuotePolicyNoneWithoutEscapeThrowsException,org.pitest.mutationtest.engine.gregor.mutators.VoidMethodCallMutator<init>693,KILLED
org.apache.commons.csv.CSVFormatTest.testEqualsDelimiter,org.pitest.mutationtest.engine.gregor.mutators.NegateConditionalsMutatorequals698,KILLED
org.apache.commons.csv.CSVFormatTest.testEquals,org.pitest.mutationtest.engine.gregor.mutators.NegateConditionalsMutatorequals701,KILLED
org.apache.commons.csv.CSVFormatTest.testEquals,org.pitest.mutationtest.engine.gregor.mutators.NegateConditionalsMutatorequals704,KILLED
org.apache.commons.csv.CSVFormatTest.testEqualsDelimiter,org.pitest.mutationtest.engine.gregor.mutators.NegateConditionalsMutatorequals709,KILLED
org.apache.commons.csv.CSVFormatTest.testEquals,org.pitest.mutationtest.engine.gregor.mutators.NegateConditionalsMutatorequals712,KILLED
org.apache.commons.csv.CSVFormatTest.testEquals,org.pitest.mutationtest.engine.gregor.mutators.NegateConditionalsMutatorequals715,KILLED
org.apache.commons.csv.CSVFormatTest.testEqualsLeftNoQuoteRightQuote,org.pitest.mutationtest.engine.gregor.mutators.NegateConditionalsMutatorequals716,KILLED
org.apache.commons.csv.CSVFormatTest.testEqualsQuoteChar,org.pitest.mutationtest.engine.gregor.mutators.NegateConditionalsMutatorequals719,KILLED
org.apache.commons.csv.CSVFormatTest.testEquals,org.pitest.mutationtest.engine.gregor.mutators.NegateConditionalsMutatorequals722,KILLED
org.apache.commons.csv.CSVFormatTest.testEquals,org.pitest.mutationtest.engine.gregor.mutators.NegateConditionalsMutatorequals723,KILLED
org.apache.commons.csv.CSVFormatTest.testEqualsCommentStart,org.pitest.mutationtest.engine.gregor.mutators.NegateConditionalsMutatorequals726,KILLED
org.apache.commons.csv.CSVFormatTest.testEquals,org.pitest.mutationtest.engine.gregor.mutators.NegateConditionalsMutatorequals729,KILLED
org.apache.commons.csv.CSVFormatTest.testEquals,org.pitest.mutationtest.engine.gregor.mutators.NegateConditionalsMutatorequals730,KILLED
org.apache.commons.csv.CSVFormatTest.testEqualsEscape,org.pitest.mutationtest.engine.gregor.mutators.NegateConditionalsMutatorequals733,KILLED
org.apache.commons.csv.CSVFormatTest.testEquals,org.pitest.mutationtest.engine.gregor.mutators.NegateConditionalsMutatorequals736,KILLED
org.apache.commons.csv.CSVFormatTest.testEquals,org.pitest.mutationtest.engine.gregor.mutators.NegateConditionalsMutatorequals737,KILLED
org.apache.commons.csv.CSVFormatTest.testEqualsNullString,org.pitest.mutationtest.engine.gregor.mutators.NegateConditionalsMutatorequals740,KILLED
org.apache.commons.csv.CSVFormatTest.testEquals,org.pitest.mutationtest.engine.gregor.mutators.NegateConditionalsMutatorequals743,KILLED
org.apache.commons.csv.CSVFormatTest.testEquals,org.pitest.mutationtest.engine.gregor.mutators.NegateConditionalsMutatorequals746,KILLED
org.apache.commons.csv.CSVFormatTest.testEquals,org.pitest.mutationtest.engine.gregor.mutators.NegateConditionalsMutatorequals749,KILLED
org.apache.commons.csv.CSVFormatTest.testEquals,org.pitest.mutationtest.engine.gregor.mutators.NegateConditionalsMutatorequals752,KILLED
org.apache.commons.csv.CSVFormatTest.testEquals,org.pitest.mutationtest.engine.gregor.mutators.NegateConditionalsMutatorequals755,KILLED
org.apache.commons.csv.CSVFormatTest.testEqualsNoQuotes,org.pitest.mutationtest.engine.gregor.mutators.NegateConditionalsMutatorequals756,KILLED
org.apache.commons.csv.CSVFormatTest.testEquals,org.pitest.mutationtest.engine.gregor.mutators.NegateConditionalsMutatorequals759,KILLED
org.apache.commons.csv.CSVFormatTest.testEquals,org.pitest.mutationtest.engine.gregor.mutators.ReturnValsMutatorequals699,KILLED
org.apache.commons.csv.CSVFormatTest.testEquals,org.pitest.mutationtest.engine.gregor.mutators.ReturnValsMutatorequals702,KILLED
org.apache.commons.csv.CSVFormatTest.testEquals,org.pitest.mutationtest.engine.gregor.mutators.ReturnValsMutatorequals705,KILLED
org.apache.commons.csv.CSVFormatTest.testEqualsDelimiter,org.pitest.mutationtest.engine.gregor.mutators.ReturnValsMutatorequals710,KILLED
org.apache.commons.csv.CSVFormatTest.testEqualsQuotePolicy,org.pitest.mutationtest.engine.gregor.mutators.ReturnValsMutatorequals713,KILLED
org.apache.commons.csv.CSVFormatTest.testEqualsLeftNoQuoteRightQuote,org.pitest.mutationtest.engine.gregor.mutators.ReturnValsMutatorequals717,KILLED
org.apache.commons.csv.CSVFormatTest.testEqualsQuoteChar,org.pitest.mutationtest.engine.gregor.mutators.ReturnValsMutatorequals720,KILLED
org.apache.commons.csv.CSVFormatTest.testToStringAndWithCommentMarkerTakingCharacter,org.pitest.mutationtest.engine.gregor.mutators.ReturnValsMutatorequals724,KILLED
org.apache.commons.csv.CSVFormatTest.testEqualsCommentStart,org.pitest.mutationtest.engine.gregor.mutators.ReturnValsMutatorequals727,KILLED
none,org.pitest.mutationtest.engine.gregor.mutators.ReturnValsMutatorequals731,NO_COVERAGE
org.apache.commons.csv.CSVFormatTest.testEqualsEscape,org.pitest.mutationtest.engine.gregor.mutators.ReturnValsMutatorequals734,KILLED
none,org.pitest.mutationtest.engine.gregor.mutators.ReturnValsMutatorequals738,NO_COVERAGE
org.apache.commons.csv.CSVFormatTest.testEqualsNullString,org.pitest.mutationtest.engine.gregor.mutators.ReturnValsMutatorequals741,KILLED
org.apache.commons.csv.CSVFormatTest.testEqualsHeader,org.pitest.mutationtest.engine.gregor.mutators.ReturnValsMutatorequals744,KILLED
org.apache.commons.csv.CSVFormatTest.testEqualsIgnoreSurroundingSpaces,org.pitest.mutationtest.engine.gregor.mutators.ReturnValsMutatorequals747,KILLED
org.apache.commons.csv.CSVFormatTest.testEqualsIgnoreEmptyLines,org.pitest.mutationtest.engine.gregor.mutators.ReturnValsMutatorequals750,KILLED
org.apache.commons.csv.CSVFormatTest.testEqualsSkipHeaderRecord,org.pitest.mutationtest.engine.gregor.mutators.ReturnValsMutatorequals753,KILLED
none,org.pitest.mutationtest.engine.gregor.mutators.ReturnValsMutatorequals757,NO_COVERAGE
org.apache.commons.csv.CSVFormatTest.testEqualsRecordSeparator,org.pitest.mutationtest.engine.gregor.mutators.ReturnValsMutatorequals760,KILLED
org.apache.commons.csv.CSVFormatTest.testEquals,org.pitest.mutationtest.engine.gregor.mutators.ReturnValsMutatorequals762,KILLED
org.apache.commons.csv.CSVFormatTest.testFormat,org.pitest.mutationtest.engine.gregor.mutators.ReturnValsMutatorformat776,KILLED
org.apache.commons.csv.CSVFormatTest.testFormatThrowsNullPointerException,org.pitest.mutationtest.engine.gregor.mutators.VoidMethodCallMutatorformat775,KILLED
org.apache.commons.csv.CSVFormatTest.testHashCodeAndWithIgnoreHeaderCase,org.pitest.mutationtest.engine.gregor.mutators.ReturnValsMutatorgetAllowMissingColumnNames790,KILLED
org.apache.commons.csv.CSVPrinterTest.testCloseWithFlushOff,org.pitest.mutationtest.engine.gregor.mutators.ReturnValsMutatorgetAutoFlush800,KILLED
org.apache.commons.csv.CSVFormatTest.testRFC4180,org.pitest.mutationtest.engine.gregor.mutators.ReturnValsMutatorgetCommentMarker809,KILLED
org.apache.commons.csv.CSVFormatTest.testRFC4180,org.pitest.mutationtest.engine.gregor.mutators.ReturnValsMutatorgetDelimiter818,KILLED
org.apache.commons.csv.CSVFormatTest.testRFC4180,org.pitest.mutationtest.engine.gregor.mutators.ReturnValsMutatorgetEscapeCharacter827,KILLED
org.apache.commons.csv.CSVFormatTest.testWithEmptyEnum,org.pitest.mutationtest.engine.gregor.mutators.NegateConditionalsMutatorgetHeader836,KILLED
org.apache.commons.csv.CSVFormatTest.testFormatThrowsNullPointerException,org.pitest.mutationtest.engine.gregor.mutators.ReturnValsMutatorgetHeader836,KILLED
org.apache.commons.csv.CSVFormatTest.testFormat,org.pitest.mutationtest.engine.gregor.mutators.NegateConditionalsMutatorgetHeaderComments845,KILLED
org.apache.commons.csv.CSVFormatTest.testFormatThrowsNullPointerException,org.pitest.mutationtest.engine.gregor.mutators.ReturnValsMutatorgetHeaderComments845,KILLED
org.apache.commons.csv.CSVFormatTest.testRFC4180,org.pitest.mutationtest.engine.gregor.mutators.ReturnValsMutatorgetIgnoreEmptyLines855,KILLED
org.apache.commons.csv.CSVFormatTest.testToString,org.pitest.mutationtest.engine.gregor.mutators.ReturnValsMutatorgetIgnoreHeaderCase865,KILLED
org.apache.commons.csv.CSVFormatTest.testToString,org.pitest.mutationtest.engine.gregor.mutators.ReturnValsMutatorgetIgnoreSurroundingSpaces874,KILLED
org.apache.commons.csv.CSVFormatTest.testWithNullString,org.pitest.mutationtest.engine.gregor.mutators.ReturnValsMutatorgetNullString888,KILLED
org.apache.commons.csv.CSVFormatTest.testRFC4180,org.pitest.mutationtest.engine.gregor.mutators.ReturnValsMutatorgetQuoteCharacter897,KILLED
org.apache.commons.csv.CSVFormatTest.testRFC4180,org.pitest.mutationtest.engine.gregor.mutators.ReturnValsMutatorgetQuoteMode906,KILLED
org.apache.commons.csv.CSVFormatTest.testRFC4180,org.pitest.mutationtest.engine.gregor.mutators.ReturnValsMutatorgetRecordSeparator915,KILLED
org.apache.commons.csv.CSVFormatTest.testWithFirstRecordAsHeader,org.pitest.mutationtest.engine.gregor.mutators.ReturnValsMutatorgetSkipHeaderRecord924,KILLED
org.apache.commons.csv.CSVFormatTest.testHashCodeAndWithIgnoreHeaderCase,org.pitest.mutationtest.engine.gregor.mutators.ReturnValsMutatorgetTrailingDelimiter934,KILLED
org.apache.commons.csv.CSVFormatTest.testHashCodeAndWithIgnoreHeaderCase,org.pitest.mutationtest.engine.gregor.mutators.ReturnValsMutatorgetTrim943,KILLED
none,org.pitest.mutationtest.engine.gregor.mutators.MathMutatorhashCode951,SURVIVED
none,org.pitest.mutationtest.engine.gregor.mutators.MathMutatorhashCode951,SURVIVED
none,org.pitest.mutationtest.engine.gregor.mutators.MathMutatorhashCode952,SURVIVED
none,org.pitest.mutationtest.engine.gregor.mutators.MathMutatorhashCode952,SURVIVED
none,org.pitest.mutationtest.engine.gregor.mutators.MathMutatorhashCode953,SURVIVED
none,org.pitest.mutationtest.engine.gregor.mutators.MathMutatorhashCode953,SURVIVED
none,org.pitest.mutationtest.engine.gregor.mutators.MathMutatorhashCode954,SURVIVED
none,org.pitest.mutationtest.engine.gregor.mutators.MathMutatorhashCode954,SURVIVED
none,org.pitest.mutationtest.engine.gregor.mutators.MathMutatorhashCode955,SURVIVED
none,org.pitest.mutationtest.engine.gregor.mutators.MathMutatorhashCode955,SURVIVED
none,org.pitest.mutationtest.engine.gregor.mutators.MathMutatorhashCode956,SURVIVED
none,org.pitest.mutationtest.engine.gregor.mutators.MathMutatorhashCode956,SURVIVED
none,org.pitest.mutationtest.engine.gregor.mutators.MathMutatorhashCode957,SURVIVED
none,org.pitest.mutationtest.engine.gregor.mutators.MathMutatorhashCode957,SURVIVED
none,org.pitest.mutationtest.engine.gregor.mutators.MathMutatorhashCode958,SURVIVED
none,org.pitest.mutationtest.engine.gregor.mutators.MathMutatorhashCode958,SURVIVED
none,org.pitest.mutationtest.engine.gregor.mutators.MathMutatorhashCode959,SURVIVED
none,org.pitest.mutationtest.engine.gregor.mutators.MathMutatorhashCode959,SURVIVED
none,org.pitest.mutationtest.engine.gregor.mutators.MathMutatorhashCode960,SURVIVED
none,org.pitest.mutationtest.engine.gregor.mutators.MathMutatorhashCode960,SURVIVED
none,org.pitest.mutationtest.engine.gregor.mutators.MathMutatorhashCode961,SURVIVED
none,org.pitest.mutationtest.engine.gregor.mutators.MathMutatorhashCode961,SURVIVED
none,org.pitest.mutationtest.engine.gregor.mutators.MathMutatorhashCode962,SURVIVED
none,org.pitest.mutationtest.engine.gregor.mutators.MathMutatorhashCode962,SURVIVED
org.apache.commons.csv.CSVFormatTest.testEquals,org.pitest.mutationtest.engine.gregor.mutators.NegateConditionalsMutatorhashCode952,KILLED
none,org.pitest.mutationtest.engine.gregor.mutators.NegateConditionalsMutatorhashCode953,SURVIVED
org.apache.commons.csv.CSVFormatTest.testEquals,org.pitest.mutationtest.engine.gregor.mutators.NegateConditionalsMutatorhashCode954,KILLED
org.apache.commons.csv.CSVFormatTest.testEquals,org.pitest.mutationtest.engine.gregor.mutators.NegateConditionalsMutatorhashCode955,KILLED
org.apache.commons.csv.CSVFormatTest.testEquals,org.pitest.mutationtest.engine.gregor.mutators.NegateConditionalsMutatorhashCode956,KILLED
none,org.pitest.mutationtest.engine.gregor.mutators.NegateConditionalsMutatorhashCode957,SURVIVED
none,org.pitest.mutationtest.engine.gregor.mutators.NegateConditionalsMutatorhashCode958,SURVIVED
none,org.pitest.mutationtest.engine.gregor.mutators.NegateConditionalsMutatorhashCode959,SURVIVED
none,org.pitest.mutationtest.engine.gregor.mutators.NegateConditionalsMutatorhashCode960,SURVIVED
none,org.pitest.mutationtest.engine.gregor.mutators.NegateConditionalsMutatorhashCode961,SURVIVED
none,org.pitest.mutationtest.engine.gregor.mutators.ReturnValsMutatorhashCode963,SURVIVED
org.apache.commons.csv.CSVFormatTest.testToString,org.pitest.mutationtest.engine.gregor.mutators.NegateConditionalsMutatorisCommentMarkerSet974,KILLED
org.apache.commons.csv.CSVFormatTest.testToString,org.pitest.mutationtest.engine.gregor.mutators.ReturnValsMutatorisCommentMarkerSet974,KILLED
org.apache.commons.csv.CSVFormatTest.testToString,org.pitest.mutationtest.engine.gregor.mutators.NegateConditionalsMutatorisEscapeCharacterSet983,KILLED
org.apache.commons.csv.CSVFormatTest.testToString,org.pitest.mutationtest.engine.gregor.mutators.ReturnValsMutatorisEscapeCharacterSet983,KILLED
org.apache.commons.csv.CSVFormatTest.testWithDelimiterLFThrowsException,org.pitest.mutationtest.engine.gregor.mutators.NegateConditionalsMutatorisLineBreak545,KILLED
org.apache.commons.csv.CSVFormatTest.testWithEscapeCRThrowsExceptions,org.pitest.mutationtest.engine.gregor.mutators.NegateConditionalsMutatorisLineBreak545,KILLED
org.apache.commons.csv.CSVFormatTest.testWithDelimiterLFThrowsException,org.pitest.mutationtest.engine.gregor.mutators.ReturnValsMutatorisLineBreak545,KILLED
org.apache.commons.csv.CSVFormatTest.testWithEscapeCRThrowsExceptions,org.pitest.mutationtest.engine.gregor.mutators.NegateConditionalsMutatorisLineBreak557,KILLED
org.apache.commons.csv.CSVFormatTest.testWithEscapeCRThrowsExceptions,org.pitest.mutationtest.engine.gregor.mutators.NegateConditionalsMutatorisLineBreak557,KILLED
org.apache.commons.csv.CSVFormatTest.testWithEscapeCRThrowsExceptions,org.pitest.mutationtest.engine.gregor.mutators.ReturnValsMutatorisLineBreak557,KILLED
org.apache.commons.csv.CSVFormatTest.testToString,org.pitest.mutationtest.engine.gregor.mutators.NegateConditionalsMutatorisNullStringSet992,KILLED
org.apache.commons.csv.CSVFormatTest.testToString,org.pitest.mutationtest.engine.gregor.mutators.ReturnValsMutatorisNullStringSet992,KILLED
org.apache.commons.csv.CSVFormatTest.testToString,org.pitest.mutationtest.engine.gregor.mutators.NegateConditionalsMutatorisQuoteCharacterSet1001,KILLED
org.apache.commons.csv.CSVFormatTest.testToString,org.pitest.mutationtest.engine.gregor.mutators.ReturnValsMutatorisQuoteCharacterSet1001,KILLED
org.apache.commons.csv.CSVFormatTest.testQuotePolicyNoneWithoutEscapeThrowsException,org.pitest.mutationtest.engine.gregor.mutators.ReturnValsMutatornewFormat581,KILLED
org.apache.commons.csv.CSVParserTest.testIterator,org.pitest.mutationtest.engine.gregor.mutators.ReturnValsMutatorparse1018,KILLED
org.apache.commons.csv.CSVPrinterTest.testPrintToFileWithDefaultCharset,org.pitest.mutationtest.engine.gregor.mutators.ReturnValsMutatorprint1057,KILLED
org.apache.commons.csv.CSVPrinterTest.testPrintRecordsWithObjectArray,org.pitest.mutationtest.engine.gregor.mutators.ReturnValsMutatorprint1035,KILLED
org.apache.commons.csv.CSVFormatTest.testFormat,org.pitest.mutationtest.engine.gregor.mutators.NegateConditionalsMutatorprint1078,KILLED
org.apache.commons.csv.CSVFormatTest.testWithHeaderComments,org.pitest.mutationtest.engine.gregor.mutators.NegateConditionalsMutatorprint1080,KILLED
org.apache.commons.csv.issues.JiraCsv203Test.testQuoteModeAllNonNull,org.pitest.mutationtest.engine.gregor.mutators.NegateConditionalsMutatorprint1083,KILLED
org.apache.commons.csv.CSVPrinterTest.testPrintOnePositiveInteger,org.pitest.mutationtest.engine.gregor.mutators.NegateConditionalsMutatorprint1090,KILLED
org.apache.commons.csv.CSVPrinterTest.testTrimOffOneColumn,org.pitest.mutationtest.engine.gregor.mutators.NegateConditionalsMutatorprint1092,KILLED
org.apache.commons.csv.CSVFormatTest.testFormat,org.pitest.mutationtest.engine.gregor.mutators.VoidMethodCallMutatorprint1093,KILLED
org.apache.commons.csv.CSVFormatTest.testNullRecordSeparatorCsv106,org.pitest.mutationtest.engine.gregor.mutators.MathMutatorprint1109,KILLED
org.apache.commons.csv.CSVFormatTest.testFormat,org.pitest.mutationtest.engine.gregor.mutators.NegateConditionalsMutatorprint1098,KILLED
org.apache.commons.csv.CSVFormatTest.testFormat,org.pitest.mutationtest.engine.gregor.mutators.NegateConditionalsMutatorprint1101,KILLED
org.apache.commons.csv.CSVFormatTest.testFormat,org.pitest.mutationtest.engine.gregor.mutators.NegateConditionalsMutatorprint1103,KILLED
org.apache.commons.csv.CSVFormatTest.testNullRecordSeparatorCsv106,org.pitest.mutationtest.engine.gregor.mutators.NegateConditionalsMutatorprint1106,KILLED
org.apache.commons.csv.CSVFormatTest.testFormat,org.pitest.mutationtest.engine.gregor.mutators.VoidMethodCallMutatorprint1105,KILLED
org.apache.commons.csv.CSVPrinterTest.testDelimiterEscaped,org.pitest.mutationtest.engine.gregor.mutators.VoidMethodCallMutatorprint1107,KILLED
org.apache.commons.csv.CSVPrinterTest.testPrintToPathWithDefaultCharset,org.pitest.mutationtest.engine.gregor.mutators.ReturnValsMutatorprint1130,KILLED
org.apache.commons.csv.CSVPrinterTest.testDelimeterQuoteNONE,org.pitest.mutationtest.engine.gregor.mutators.ConditionalsBoundaryMutatorprintAndEscape1145,KILLED
none,org.pitest.mutationtest.engine.gregor.mutators.ConditionalsBoundaryMutatorprintAndEscape1149,SURVIVED
none,org.pitest.mutationtest.engine.gregor.mutators.ConditionalsBoundaryMutatorprintAndEscape1168,SURVIVED
org.apache.commons.csv.CSVPrinterTest.testDelimeterQuoteNONE,org.pitest.mutationtest.engine.gregor.mutators.IncrementsMutatorprintAndEscape1164,KILLED
org.apache.commons.csv.CSVPrinterTest.testDelimeterQuoteNONE,org.pitest.mutationtest.engine.gregor.mutators.MathMutatorprintAndEscape1140,KILLED
org.apache.commons.csv.CSVPrinterTest.testDelimeterQuoteNONE,org.pitest.mutationtest.engine.gregor.mutators.MathMutatorprintAndEscape1161,KILLED
org.apache.commons.csv.CSVPrinterTest.testDelimeterQuoteNONE,org.pitest.mutationtest.engine.gregor.mutators.NegateConditionalsMutatorprintAndEscape1145,KILLED
org.apache.commons.csv.CSVPrinterTest.testDelimeterQuoteNONE,org.pitest.mutationtest.engine.gregor.mutators.NegateConditionalsMutatorprintAndEscape1147,KILLED
org.apache.commons.csv.CSVPrinterTest.testDelimeterQuoteNONE,org.pitest.mutationtest.engine.gregor.mutators.NegateConditionalsMutatorprintAndEscape1147,KILLED
org.apache.commons.csv.CSVPrinterTest.testDelimeterQuoteNONE,org.pitest.mutationtest.engine.gregor.mutators.NegateConditionalsMutatorprintAndEscape1147,KILLED
org.apache.commons.csv.CSVPrinterTest.testDelimeterQuoteNONE,org.pitest.mutationtest.engine.gregor.mutators.NegateConditionalsMutatorprintAndEscape1147,KILLED
org.apache.commons.csv.CSVPrinterTest.testDelimeterQuoteNONE,org.pitest.mutationtest.engine.gregor.mutators.NegateConditionalsMutatorprintAndEscape1149,KILLED
org.apache.commons.csv.CSVPrinterTest.testDelimeterQuoteNONE,org.pitest.mutationtest.engine.gregor.mutators.NegateConditionalsMutatorprintAndEscape1152,KILLED
org.apache.commons.csv.CSVPrinterTest.testDelimeterQuoteNONE,org.pitest.mutationtest.engine.gregor.mutators.NegateConditionalsMutatorprintAndEscape1154,KILLED
org.apache.commons.csv.CSVPrinterTest.testDelimeterQuoteNONE,org.pitest.mutationtest.engine.gregor.mutators.NegateConditionalsMutatorprintAndEscape1168,KILLED
org.apache.commons.csv.CSVPrinterTest.testRandomRfc4180,org.pitest.mutationtest.engine.gregor.mutators.ConditionalsBoundaryMutatorprintAndQuote1204,KILLED
none,org.pitest.mutationtest.engine.gregor.mutators.ConditionalsBoundaryMutatorprintAndQuote1215,SURVIVED
org.apache.commons.csv.CSVFormatTest.testFormat,org.pitest.mutationtest.engine.gregor.mutators.ConditionalsBoundaryMutatorprintAndQuote1221,KILLED
org.apache.commons.csv.CSVPrinterTest.testPrinter3,org.pitest.mutationtest.engine.gregor.mutators.ConditionalsBoundaryMutatorprintAndQuote1235,KILLED
org.apache.commons.csv.CSVFormatTest.testFormat,org.pitest.mutationtest.engine.gregor.mutators.ConditionalsBoundaryMutatorprintAndQuote1263,KILLED
org.apache.commons.csv.CSVFormatTest.testFormat,org.pitest.mutationtest.engine.gregor.mutators.IncrementsMutatorprintAndQuote1227,KILLED
org.apache.commons.csv.CSVFormatTest.testFormat,org.pitest.mutationtest.engine.gregor.mutators.IncrementsMutatorprintAndQuote1274,KILLED
org.apache.commons.csv.CSVFormatTest.testFormat,org.pitest.mutationtest.engine.gregor.mutators.MathMutatorprintAndQuote1182,KILLED
org.apache.commons.csv.CSVFormatTest.testFormat,org.pitest.mutationtest.engine.gregor.mutators.MathMutatorprintAndQuote1231,KILLED
org.apache.commons.csv.CSVPrinterTest.testSingleQuoteQuoted,org.pitest.mutationtest.engine.gregor.mutators.MathMutatorprintAndQuote1269,KILLED
org.apache.commons.csv.CSVFormatTest.testFormat,org.pitest.mutationtest.engine.gregor.mutators.NegateConditionalsMutatorprintAndQuote1188,KILLED
org.apache.commons.csv.issues.JiraCsv203Test.testQuoteModeNonNumeric,org.pitest.mutationtest.engine.gregor.mutators.NegateConditionalsMutatorprintAndQuote1197,KILLED
org.apache.commons.csv.CSVFormatTest.testFormat,org.pitest.mutationtest.engine.gregor.mutators.NegateConditionalsMutatorprintAndQuote1204,KILLED
org.apache.commons.csv.CSVPrinterTest.testRandomTdf,org.pitest.mutationtest.engine.gregor.mutators.NegateConditionalsMutatorprintAndQuote1209,KILLED
org.apache.commons.csv.CSVFormatTest.testFormat,org.pitest.mutationtest.engine.gregor.mutators.NegateConditionalsMutatorprintAndQuote1215,KILLED
org.apache.commons.csv.CSVFormatTest.testFormat,org.pitest.mutationtest.engine.gregor.mutators.NegateConditionalsMutatorprintAndQuote1221,KILLED
org.apache.commons.csv.CSVFormatTest.testFormat,org.pitest.mutationtest.engine.gregor.mutators.NegateConditionalsMutatorprintAndQuote1223,KILLED
org.apache.commons.csv.CSVFormatTest.testFormat,org.pitest.mutationtest.engine.gregor.mutators.NegateConditionalsMutatorprintAndQuote1223,KILLED
org.apache.commons.csv.CSVFormatTest.testFormat,org.pitest.mutationtest.engine.gregor.mutators.NegateConditionalsMutatorprintAndQuote1223,KILLED
org.apache.commons.csv.CSVFormatTest.testFormat,org.pitest.mutationtest.engine.gregor.mutators.NegateConditionalsMutatorprintAndQuote1223,KILLED
org.apache.commons.csv.CSVPrinterTest.testPrinter3,org.pitest.mutationtest.engine.gregor.mutators.NegateConditionalsMutatorprintAndQuote1230,KILLED
org.apache.commons.csv.CSVFormatTest.testFormat,org.pitest.mutationtest.engine.gregor.mutators.NegateConditionalsMutatorprintAndQuote1235,KILLED
org.apache.commons.csv.CSVFormatTest.testFormat,org.pitest.mutationtest.engine.gregor.mutators.NegateConditionalsMutatorprintAndQuote1242,KILLED
org.apache.commons.csv.CSVFormatTest.testFormat,org.pitest.mutationtest.engine.gregor.mutators.NegateConditionalsMutatorprintAndQuote1252,KILLED
org.apache.commons.csv.CSVFormatTest.testFormat,org.pitest.mutationtest.engine.gregor.mutators.NegateConditionalsMutatorprintAndQuote1263,KILLED
org.apache.commons.csv.CSVFormatTest.testFormat,org.pitest.mutationtest.engine.gregor.mutators.NegateConditionalsMutatorprintAndQuote1265,KILLED
org.apache.commons.csv.CSVPrinterTest.testDelimeterQuoteNONE,org.pitest.mutationtest.engine.gregor.mutators.VoidMethodCallMutatorprintAndQuote1201,KILLED
org.apache.commons.csv.CSVFormatTest.testFormat,org.pitest.mutationtest.engine.gregor.mutators.ConditionalsBoundaryMutatorprintRecord1334,KILLED
org.apache.commons.csv.CSVFormatTest.testFormat,org.pitest.mutationtest.engine.gregor.mutators.NegateConditionalsMutatorprintRecord1334,KILLED
org.apache.commons.csv.CSVFormatTest.testFormat,org.pitest.mutationtest.engine.gregor.mutators.NegateConditionalsMutatorprintRecord1335,KILLED
org.apache.commons.csv.CSVFormatTest.testFormat,org.pitest.mutationtest.engine.gregor.mutators.VoidMethodCallMutatorprintRecord1335,KILLED
org.apache.commons.csv.CSVPrinterTest.testPrintRecordsWithObjectArray,org.pitest.mutationtest.engine.gregor.mutators.VoidMethodCallMutatorprintRecord1337,KILLED
org.apache.commons.csv.CSVPrinterTest.testPrintRecordsWithEmptyVector,org.pitest.mutationtest.engine.gregor.mutators.ReturnValsMutatorprinter1295,KILLED
org.apache.commons.csv.CSVFormatTest.testFormat,org.pitest.mutationtest.engine.gregor.mutators.NegateConditionalsMutatorprintln1308,KILLED
org.apache.commons.csv.CSVFormatTest.testNullRecordSeparatorCsv106,org.pitest.mutationtest.engine.gregor.mutators.NegateConditionalsMutatorprintln1311,KILLED
org.apache.commons.csv.CSVFormatTest.testToString,org.pitest.mutationtest.engine.gregor.mutators.NegateConditionalsMutatortoString1344,KILLED
org.apache.commons.csv.CSVFormatTest.testToString,org.pitest.mutationtest.engine.gregor.mutators.NegateConditionalsMutatortoString1348,KILLED
org.apache.commons.csv.CSVFormatTest.testToString,org.pitest.mutationtest.engine.gregor.mutators.NegateConditionalsMutatortoString1352,KILLED
org.apache.commons.csv.CSVFormatTest.testToString,org.pitest.mutationtest.engine.gregor.mutators.NegateConditionalsMutatortoString1356,KILLED
org.apache.commons.csv.CSVFormatTest.testToString,org.pitest.mutationtest.engine.gregor.mutators.NegateConditionalsMutatortoString1360,KILLED
org.apache.commons.csv.CSVFormatTest.testToString,org.pitest.mutationtest.engine.gregor.mutators.NegateConditionalsMutatortoString1364,KILLED
org.apache.commons.csv.CSVFormatTest.testToString,org.pitest.mutationtest.engine.gregor.mutators.NegateConditionalsMutatortoString1367,KILLED
org.apache.commons.csv.CSVFormatTest.testToString,org.pitest.mutationtest.engine.gregor.mutators.NegateConditionalsMutatortoString1370,KILLED
org.apache.commons.csv.CSVFormatTest.testToString,org.pitest.mutationtest.engine.gregor.mutators.NegateConditionalsMutatortoString1374,KILLED
org.apache.commons.csv.CSVFormatTest.testToString,org.pitest.mutationtest.engine.gregor.mutators.NegateConditionalsMutatortoString1378,KILLED
org.apache.commons.csv.CSVFormatTest.testToString,org.pitest.mutationtest.engine.gregor.mutators.ReturnValsMutatortoString1382,KILLED
org.apache.commons.csv.CSVFormatTest.testWithHeaderComments,org.pitest.mutationtest.engine.gregor.mutators.ConditionalsBoundaryMutatortoStringArray1390,KILLED
org.apache.commons.csv.CSVFormatTest.testWithQuotePolicy,org.pitest.mutationtest.engine.gregor.mutators.NegateConditionalsMutatortoStringArray1386,KILLED
org.apache.commons.csv.issues.JiraCsv164Test.testJiraCsv154_withCommentMarker,org.pitest.mutationtest.engine.gregor.mutators.NegateConditionalsMutatortoStringArray1390,KILLED
org.apache.commons.csv.CSVFormatTest.testWithHeaderComments,org.pitest.mutationtest.engine.gregor.mutators.NegateConditionalsMutatortoStringArray1392,KILLED
org.apache.commons.csv.CSVFormatTest.testWithQuotePolicy,org.pitest.mutationtest.engine.gregor.mutators.ReturnValsMutatortoStringArray1387,KILLED
org.apache.commons.csv.issues.JiraCsv164Test.testJiraCsv154_withCommentMarker,org.pitest.mutationtest.engine.gregor.mutators.ReturnValsMutatortoStringArray1394,KILLED
none,org.pitest.mutationtest.engine.gregor.mutators.ConditionalsBoundaryMutatortrim1405,NO_COVERAGE
none,org.pitest.mutationtest.engine.gregor.mutators.ConditionalsBoundaryMutatortrim1405,NO_COVERAGE
none,org.pitest.mutationtest.engine.gregor.mutators.ConditionalsBoundaryMutatortrim1408,NO_COVERAGE
none,org.pitest.mutationtest.engine.gregor.mutators.ConditionalsBoundaryMutatortrim1408,NO_COVERAGE
none,org.pitest.mutationtest.engine.gregor.mutators.ConditionalsBoundaryMutatortrim1411,NO_COVERAGE
none,org.pitest.mutationtest.engine.gregor.mutators.ConditionalsBoundaryMutatortrim1411,NO_COVERAGE
none,org.pitest.mutationtest.engine.gregor.mutators.IncrementsMutatortrim1406,NO_COVERAGE
none,org.pitest.mutationtest.engine.gregor.mutators.IncrementsMutatortrim1409,NO_COVERAGE
none,org.pitest.mutationtest.engine.gregor.mutators.MathMutatortrim1408,NO_COVERAGE
none,org.pitest.mutationtest.engine.gregor.mutators.NegateConditionalsMutatortrim1398,SURVIVED
none,org.pitest.mutationtest.engine.gregor.mutators.NegateConditionalsMutatortrim1405,NO_COVERAGE
none,org.pitest.mutationtest.engine.gregor.mutators.NegateConditionalsMutatortrim1405,NO_COVERAGE
none,org.pitest.mutationtest.engine.gregor.mutators.NegateConditionalsMutatortrim1408,NO_COVERAGE
none,org.pitest.mutationtest.engine.gregor.mutators.NegateConditionalsMutatortrim1408,NO_COVERAGE
none,org.pitest.mutationtest.engine.gregor.mutators.NegateConditionalsMutatortrim1411,NO_COVERAGE
none,org.pitest.mutationtest.engine.gregor.mutators.NegateConditionalsMutatortrim1411,NO_COVERAGE
org.apache.commons.csv.CSVPrinterTest.testTrimOnOneColumn,org.pitest.mutationtest.engine.gregor.mutators.ReturnValsMutatortrim1399,KILLED
none,org.pitest.mutationtest.engine.gregor.mutators.ReturnValsMutatortrim1411,NO_COVERAGE
org.apache.commons.csv.CSVFormatTest.testWithQuotePolicy,org.pitest.mutationtest.engine.gregor.mutators.NegateConditionalsMutatorvalidate1420,KILLED
org.apache.commons.csv.CSVFormatTest.testWithQuotePolicy,org.pitest.mutationtest.engine.gregor.mutators.NegateConditionalsMutatorvalidate1424,KILLED
org.apache.commons.csv.CSVFormatTest.testWithQuotePolicy,org.pitest.mutationtest.engine.gregor.mutators.NegateConditionalsMutatorvalidate1424,KILLED
org.apache.commons.csv.CSVFormatTest.testWithQuotePolicy,org.pitest.mutationtest.engine.gregor.mutators.NegateConditionalsMutatorvalidate1429,KILLED
org.apache.commons.csv.CSVFormatTest.testWithEscape,org.pitest.mutationtest.engine.gregor.mutators.NegateConditionalsMutatorvalidate1429,KILLED
org.apache.commons.csv.CSVFormatTest.testWithQuotePolicy,org.pitest.mutationtest.engine.gregor.mutators.NegateConditionalsMutatorvalidate1434,KILLED
org.apache.commons.csv.CSVFormatTest.testDelimiterSameAsCommentStartThrowsException,org.pitest.mutationtest.engine.gregor.mutators.NegateConditionalsMutatorvalidate1434,KILLED
org.apache.commons.csv.CSVFormatTest.testWithQuotePolicy,org.pitest.mutationtest.engine.gregor.mutators.NegateConditionalsMutatorvalidate1439,KILLED
org.apache.commons.csv.CSVFormatTest.testWithQuotePolicy,org.pitest.mutationtest.engine.gregor.mutators.NegateConditionalsMutatorvalidate1439,KILLED
org.apache.commons.csv.CSVFormatTest.testWithQuotePolicy,org.pitest.mutationtest.engine.gregor.mutators.NegateConditionalsMutatorvalidate1444,KILLED
org.apache.commons.csv.CSVFormatTest.testWithEscape,org.pitest.mutationtest.engine.gregor.mutators.NegateConditionalsMutatorvalidate1444,KILLED
org.apache.commons.csv.CSVFormatTest.testQuotePolicyNoneWithoutEscapeThrowsException,org.pitest.mutationtest.engine.gregor.mutators.NegateConditionalsMutatorvalidate1449,KILLED
org.apache.commons.csv.CSVFormatTest.testWithQuotePolicy,org.pitest.mutationtest.engine.gregor.mutators.NegateConditionalsMutatorvalidate1449,KILLED
org.apache.commons.csv.CSVFormatTest.testWithQuotePolicy,org.pitest.mutationtest.engine.gregor.mutators.NegateConditionalsMutatorvalidate1454,KILLED
org.apache.commons.csv.CSVFormatTest.testGetHeader,org.pitest.mutationtest.engine.gregor.mutators.NegateConditionalsMutatorvalidate1457,KILLED
org.apache.commons.csv.CSVFormatPredefinedTest.testMySQL,org.pitest.mutationtest.engine.gregor.mutators.ReturnValsMutatorvalueOf594,KILLED
org.apache.commons.csv.CSVParserTest.testHeaderMissingWithNull,org.pitest.mutationtest.engine.gregor.mutators.ReturnValsMutatorwithAllowMissingColumnNames1473,KILLED
org.apache.commons.csv.CSVParserTest.testHeaderMissingWithNull,org.pitest.mutationtest.engine.gregor.mutators.ReturnValsMutatorwithAllowMissingColumnNames1485,KILLED
org.apache.commons.csv.CSVPrinterTest.testCloseWithCsvFormatAutoFlushOff,org.pitest.mutationtest.engine.gregor.mutators.ReturnValsMutatorwithAutoFlush1500,KILLED
org.apache.commons.csv.CSVFormatTest.testWithCommentStart,org.pitest.mutationtest.engine.gregor.mutators.ReturnValsMutatorwithCommentMarker1517,KILLED
org.apache.commons.csv.CSVFormatTest.testWithCommentStart,org.pitest.mutationtest.engine.gregor.mutators.NegateConditionalsMutatorwithCommentMarker1532,KILLED
org.apache.commons.csv.CSVFormatTest.testWithCommentStart,org.pitest.mutationtest.engine.gregor.mutators.ReturnValsMutatorwithCommentMarker1535,KILLED
org.apache.commons.csv.CSVFormatTest.testWithDelimiterLFThrowsException,org.pitest.mutationtest.engine.gregor.mutators.NegateConditionalsMutatorwithDelimiter1550,KILLED
org.apache.commons.csv.CSVFormatTest.testWithDelimiter,org.pitest.mutationtest.engine.gregor.mutators.ReturnValsMutatorwithDelimiter1553,KILLED
org.apache.commons.csv.CSVFormatTest.testWithEscape,org.pitest.mutationtest.engine.gregor.mutators.ReturnValsMutatorwithEscape1568,KILLED
org.apache.commons.csv.CSVFormatTest.testWithEscapeCRThrowsExceptions,org.pitest.mutationtest.engine.gregor.mutators.NegateConditionalsMutatorwithEscape1581,KILLED
org.apache.commons.csv.CSVFormatTest.testWithEscape,org.pitest.mutationtest.engine.gregor.mutators.ReturnValsMutatorwithEscape1584,KILLED
org.apache.commons.csv.CSVFormatTest.testWithFirstRecordAsHeader,org.pitest.mutationtest.engine.gregor.mutators.ReturnValsMutatorwithFirstRecordAsHeader1606,KILLED
org.apache.commons.csv.CSVFormatTest.testWithEmptyEnum,org.pitest.mutationtest.engine.gregor.mutators.ConditionalsBoundaryMutatorwithHeader1640,KILLED
org.apache.commons.csv.CSVFormatTest.testWithEmptyEnum,org.pitest.mutationtest.engine.gregor.mutators.NegateConditionalsMutatorwithHeader1637,KILLED
org.apache.commons.csv.CSVFormatTest.testWithEmptyEnum,org.pitest.mutationtest.engine.gregor.mutators.NegateConditionalsMutatorwithHeader1640,KILLED
org.apache.commons.csv.CSVFormatTest.testWithEmptyEnum,org.pitest.mutationtest.engine.gregor.mutators.ReturnValsMutatorwithHeader1644,KILLED
org.apache.commons.csv.CSVPrinterTest.testJdbcPrinterWithResultSet,org.pitest.mutationtest.engine.gregor.mutators.NegateConditionalsMutatorwithHeader1674,KILLED
org.apache.commons.csv.CSVPrinterTest.testJdbcPrinterWithResultSet,org.pitest.mutationtest.engine.gregor.mutators.ReturnValsMutatorwithHeader1674,KILLED
org.apache.commons.csv.CSVPrinterTest.testJdbcPrinterWithResultSetMetaData,org.pitest.mutationtest.engine.gregor.mutators.ConditionalsBoundaryMutatorwithHeader1708,KILLED
org.apache.commons.csv.CSVPrinterTest.testJdbcPrinterWithResultSetMetaData,org.pitest.mutationtest.engine.gregor.mutators.IncrementsMutatorwithHeader1708,KILLED
org.apache.commons.csv.CSVPrinterTest.testJdbcPrinterWithResultSetMetaData,org.pitest.mutationtest.engine.gregor.mutators.MathMutatorwithHeader1709,KILLED
org.apache.commons.csv.CSVPrinterTest.testJdbcPrinterWithResultSetMetaData,org.pitest.mutationtest.engine.gregor.mutators.NegateConditionalsMutatorwithHeader1705,KILLED
org.apache.commons.csv.CSVPrinterTest.testJdbcPrinterWithResultSetMetaData,org.pitest.mutationtest.engine.gregor.mutators.NegateConditionalsMutatorwithHeader1708,KILLED
org.apache.commons.csv.CSVPrinterTest.testJdbcPrinterWithResultSetMetaData,org.pitest.mutationtest.engine.gregor.mutators.ReturnValsMutatorwithHeader1712,KILLED
org.apache.commons.csv.CSVFormatTest.testWithEmptyEnum,org.pitest.mutationtest.engine.gregor.mutators.ReturnValsMutatorwithHeader1739,KILLED
org.apache.commons.csv.CSVFormatTest.testWithHeaderComments,org.pitest.mutationtest.engine.gregor.mutators.ReturnValsMutatorwithHeaderComments1760,KILLED
org.apache.commons.csv.CSVFormatTest.testWithIgnoreEmptyLines,org.pitest.mutationtest.engine.gregor.mutators.ReturnValsMutatorwithIgnoreEmptyLines1773,KILLED
org.apache.commons.csv.CSVFormatTest.testWithIgnoreEmptyLines,org.pitest.mutationtest.engine.gregor.mutators.ReturnValsMutatorwithIgnoreEmptyLines1785,KILLED
org.apache.commons.csv.CSVFormatTest.testHashCodeAndWithIgnoreHeaderCase,org.pitest.mutationtest.engine.gregor.mutators.ReturnValsMutatorwithIgnoreHeaderCase1798,KILLED
org.apache.commons.csv.CSVFormatTest.testHashCodeAndWithIgnoreHeaderCase,org.pitest.mutationtest.engine.gregor.mutators.ReturnValsMutatorwithIgnoreHeaderCase1811,KILLED
org.apache.commons.csv.CSVFormatTest.testEqualsNullString,org.pitest.mutationtest.engine.gregor.mutators.ReturnValsMutatorwithIgnoreSurroundingSpaces1824,KILLED
org.apache.commons.csv.CSVFormatTest.testEqualsNullString,org.pitest.mutationtest.engine.gregor.mutators.ReturnValsMutatorwithIgnoreSurroundingSpaces1836,KILLED
org.apache.commons.csv.CSVFormatTest.testWithNullString,org.pitest.mutationtest.engine.gregor.mutators.ReturnValsMutatorwithNullString1855,KILLED
org.apache.commons.csv.CSVFormatTest.testWithQuoteChar,org.pitest.mutationtest.engine.gregor.mutators.ReturnValsMutatorwithQuote1870,KILLED
org.apache.commons.csv.CSVFormatTest.testWithQuoteChar,org.pitest.mutationtest.engine.gregor.mutators.NegateConditionalsMutatorwithQuote1883,KILLED
org.apache.commons.csv.CSVFormatTest.testWithQuoteChar,org.pitest.mutationtest.engine.gregor.mutators.ReturnValsMutatorwithQuote1886,KILLED
org.apache.commons.csv.CSVFormatTest.testWithQuotePolicy,org.pitest.mutationtest.engine.gregor.mutators.ReturnValsMutatorwithQuoteMode1900,KILLED
org.apache.commons.csv.CSVFormatTest.testWithRecordSeparatorCR,org.pitest.mutationtest.engine.gregor.mutators.ReturnValsMutatorwithRecordSeparator1919,KILLED
org.apache.commons.csv.CSVFormatTest.testWithRecordSeparatorCR,org.pitest.mutationtest.engine.gregor.mutators.ReturnValsMutatorwithRecordSeparator1938,KILLED
org.apache.commons.csv.CSVFormatTest.testWithFirstRecordAsHeader,org.pitest.mutationtest.engine.gregor.mutators.ReturnValsMutatorwithSkipHeaderRecord1952,KILLED
org.apache.commons.csv.CSVFormatTest.testWithFirstRecordAsHeader,org.pitest.mutationtest.engine.gregor.mutators.ReturnValsMutatorwithSkipHeaderRecord1965,KILLED
org.apache.commons.csv.CSVFormatTest.testWithSystemRecordSeparator,org.pitest.mutationtest.engine.gregor.mutators.ReturnValsMutatorwithSystemRecordSeparator1983,KILLED
org.apache.commons.csv.CSVPrinterTest.testTrailingDelimiterOnTwoColumns,org.pitest.mutationtest.engine.gregor.mutators.ReturnValsMutatorwithTrailingDelimiter1993,KILLED
org.apache.commons.csv.CSVPrinterTest.testTrailingDelimiterOnTwoColumns,org.pitest.mutationtest.engine.gregor.mutators.ReturnValsMutatorwithTrailingDelimiter2006,KILLED
org.apache.commons.csv.CSVPrinterTest.testTrimOnOneColumn,org.pitest.mutationtest.engine.gregor.mutators.ReturnValsMutatorwithTrim2018,KILLED
org.apache.commons.csv.CSVPrinterTest.testTrimOffOneColumn,org.pitest.mutationtest.engine.gregor.mutators.ReturnValsMutatorwithTrim2031,KILLED
org.apache.commons.csv.CSVPrinterTest.testCloseWithFlushOff,org.pitest.mutationtest.engine.gregor.mutators.NegateConditionalsMutator<init>66,KILLED
org.apache.commons.csv.CSVPrinterTest.testHeaderCommentTdf,org.pitest.mutationtest.engine.gregor.mutators.NegateConditionalsMutator<init>68,KILLED
org.apache.commons.csv.CSVPrinterTest.testCloseWithFlushOff,org.pitest.mutationtest.engine.gregor.mutators.NegateConditionalsMutator<init>73,KILLED
org.apache.commons.csv.CSVPrinterTest.testSkipHeaderRecordFalse,org.pitest.mutationtest.engine.gregor.mutators.NegateConditionalsMutator<init>73,KILLED
org.apache.commons.csv.CSVPrinterTest.testNewCSVPrinterNullAppendableFormat,org.pitest.mutationtest.engine.gregor.mutators.VoidMethodCallMutator<init>59,KILLED
org.apache.commons.csv.CSVPrinterTest.testNewCsvPrinterAppendableNullFormat,org.pitest.mutationtest.engine.gregor.mutators.VoidMethodCallMutator<init>60,KILLED
org.apache.commons.csv.CSVPrinterTest.testHeaderCommentTdf,org.pitest.mutationtest.engine.gregor.mutators.VoidMethodCallMutator<init>69,KILLED
org.apache.commons.csv.CSVPrinterTest.testSkipHeaderRecordFalse,org.pitest.mutationtest.engine.gregor.mutators.VoidMethodCallMutator<init>74,KILLED
org.apache.commons.csv.CSVPrinterTest.testCloseWithCsvFormatAutoFlushOff,org.pitest.mutationtest.engine.gregor.mutators.VoidMethodCallMutatorclose84,KILLED
org.apache.commons.csv.CSVPrinterTest.testCloseWithFlushOff,org.pitest.mutationtest.engine.gregor.mutators.NegateConditionalsMutatorclose96,KILLED
org.apache.commons.csv.CSVPrinterTest.testCloseWithFlushOff,org.pitest.mutationtest.engine.gregor.mutators.NegateConditionalsMutatorclose96,KILLED
org.apache.commons.csv.CSVPrinterTest.testCloseWithFlushOn,org.pitest.mutationtest.engine.gregor.mutators.NegateConditionalsMutatorclose97,KILLED
org.apache.commons.csv.CSVPrinterTest.testCloseWithFlushOff,org.pitest.mutationtest.engine.gregor.mutators.NegateConditionalsMutatorclose101,KILLED
org.apache.commons.csv.CSVPrinterTest.testCloseWithFlushOn,org.pitest.mutationtest.engine.gregor.mutators.VoidMethodCallMutatorclose98,KILLED
org.apache.commons.csv.CSVPrinterTest.testCloseWithFlushOff,org.pitest.mutationtest.engine.gregor.mutators.VoidMethodCallMutatorclose102,KILLED
none,org.pitest.mutationtest.engine.gregor.mutators.NegateConditionalsMutatorflush114,SURVIVED
none,org.pitest.mutationtest.engine.gregor.mutators.VoidMethodCallMutatorflush115,SURVIVED
org.apache.commons.csv.CSVRecordTest.testRemoveAndAddColumns,org.pitest.mutationtest.engine.gregor.mutators.ReturnValsMutatorgetOut125,KILLED
org.apache.commons.csv.CSVPrinterTest.testDelimiterPlain,org.pitest.mutationtest.engine.gregor.mutators.VoidMethodCallMutatorprint137,KILLED
org.apache.commons.csv.CSVPrinterTest.testSingleLineComment,org.pitest.mutationtest.engine.gregor.mutators.ConditionalsBoundaryMutatorprintComment165,KILLED
none,org.pitest.mutationtest.engine.gregor.mutators.ConditionalsBoundaryMutatorprintComment169,NO_COVERAGE
none,org.pitest.mutationtest.engine.gregor.mutators.IncrementsMutatorprintComment170,NO_COVERAGE
org.apache.commons.csv.CSVPrinterTest.testSingleLineComment,org.pitest.mutationtest.engine.gregor.mutators.IncrementsMutatorprintComment165,KILLED
none,org.pitest.mutationtest.engine.gregor.mutators.MathMutatorprintComment169,NO_COVERAGE
none,org.pitest.mutationtest.engine.gregor.mutators.MathMutatorprintComment169,NO_COVERAGE
org.apache.commons.csv.CSVPrinterTest.testDisabledComment,org.pitest.mutationtest.engine.gregor.mutators.NegateConditionalsMutatorprintComment157,KILLED
org.apache.commons.csv.CSVPrinterTest.testSingleLineComment,org.pitest.mutationtest.engine.gregor.mutators.NegateConditionalsMutatorprintComment160,KILLED
org.apache.commons.csv.CSVPrinterTest.testSingleLineComment,org.pitest.mutationtest.engine.gregor.mutators.NegateConditionalsMutatorprintComment165,KILLED
none,org.pitest.mutationtest.engine.gregor.mutators.NegateConditionalsMutatorprintComment169,NO_COVERAGE
none,org.pitest.mutationtest.engine.gregor.mutators.NegateConditionalsMutatorprintComment169,NO_COVERAGE
none,org.pitest.mutationtest.engine.gregor.mutators.VoidMethodCallMutatorprintComment161,NO_COVERAGE
org.apache.commons.csv.CSVPrinterTest.testMultiLineComment,org.pitest.mutationtest.engine.gregor.mutators.VoidMethodCallMutatorprintComment174,KILLED
org.apache.commons.csv.CSVPrinterTest.testSingleLineComment,org.pitest.mutationtest.engine.gregor.mutators.VoidMethodCallMutatorprintComment183,KILLED
org.apache.commons.csv.CSVPrinterTest.testExcelPrintAllArrayOfLists,org.pitest.mutationtest.engine.gregor.mutators.VoidMethodCallMutatorprintRecord212,KILLED
org.apache.commons.csv.CSVPrinterTest.testPrintRecordsWithObjectArray,org.pitest.mutationtest.engine.gregor.mutators.VoidMethodCallMutatorprintRecord214,KILLED
org.apache.commons.csv.CSVPrinterTest.testPrintRecordsWithObjectArray,org.pitest.mutationtest.engine.gregor.mutators.VoidMethodCallMutatorprintRecord231,KILLED
org.apache.commons.csv.CSVPrinterTest.testPrintRecordsWithEmptyVector,org.pitest.mutationtest.engine.gregor.mutators.NegateConditionalsMutatorprintRecords276,KILLED
org.apache.commons.csv.CSVPrinterTest.testPrintRecordsWithEmptyVector,org.pitest.mutationtest.engine.gregor.mutators.NegateConditionalsMutatorprintRecords278,KILLED
org.apache.commons.csv.CSVPrinterTest.testExcelPrintAllIterableOfArrays,org.pitest.mutationtest.engine.gregor.mutators.VoidMethodCallMutatorprintRecords277,KILLED
org.apache.commons.csv.CSVPrinterTest.testExcelPrintAllIterableOfLists,org.pitest.mutationtest.engine.gregor.mutators.VoidMethodCallMutatorprintRecords279,KILLED
none,org.pitest.mutationtest.engine.gregor.mutators.VoidMethodCallMutatorprintRecords281,SURVIVED
org.apache.commons.csv.CSVPrinterTest.testJdbcPrinterWithResultSetMetaData,org.pitest.mutationtest.engine.gregor.mutators.ConditionalsBoundaryMutatorprintRecords350,KILLED
org.apache.commons.csv.CSVPrinterTest.testPrintRecordsWithResultSetOneRow,org.pitest.mutationtest.engine.gregor.mutators.IncrementsMutatorprintRecords350,KILLED
org.apache.commons.csv.CSVPrinterTest.testPrintRecordsWithResultSetOneRow,org.pitest.mutationtest.engine.gregor.mutators.NegateConditionalsMutatorprintRecords349,KILLED
org.apache.commons.csv.CSVPrinterTest.testJdbcPrinterWithResultSetMetaData,org.pitest.mutationtest.engine.gregor.mutators.NegateConditionalsMutatorprintRecords350,KILLED
org.apache.commons.csv.CSVPrinterTest.testJdbcPrinterWithResultSetMetaData,org.pitest.mutationtest.engine.gregor.mutators.VoidMethodCallMutatorprintRecords351,KILLED
org.apache.commons.csv.CSVPrinterTest.testJdbcPrinterWithResultSetMetaData,org.pitest.mutationtest.engine.gregor.mutators.VoidMethodCallMutatorprintRecords353,KILLED
org.apache.commons.csv.CSVPrinterTest.testPrintRecordsWithObjectArray,org.pitest.mutationtest.engine.gregor.mutators.NegateConditionalsMutatorprintRecords327,KILLED
org.apache.commons.csv.CSVPrinterTest.testPrintRecordsWithObjectArray,org.pitest.mutationtest.engine.gregor.mutators.NegateConditionalsMutatorprintRecords329,KILLED
org.apache.commons.csv.CSVPrinterTest.testExcelPrintAllArrayOfArrays,org.pitest.mutationtest.engine.gregor.mutators.VoidMethodCallMutatorprintRecords328,KILLED
org.apache.commons.csv.CSVPrinterTest.testPrintRecordsWithObjectArray,org.pitest.mutationtest.engine.gregor.mutators.VoidMethodCallMutatorprintRecords330,KILLED
org.apache.commons.csv.CSVPrinterTest.testPrintRecordsWithObjectArray,org.pitest.mutationtest.engine.gregor.mutators.VoidMethodCallMutatorprintRecords332,KILLED
org.apache.commons.csv.CSVPrinterTest.testPrintRecordsWithObjectArray,org.pitest.mutationtest.engine.gregor.mutators.VoidMethodCallMutatorprintln193,KILLED
org.apache.commons.csv.CSVParserTest.testIterator,org.pitest.mutationtest.engine.gregor.mutators.ReturnValsMutatorgetNextRecord533,KILLED
org.apache.commons.csv.CSVParserTest.testIterator,org.pitest.mutationtest.engine.gregor.mutators.NegateConditionalsMutatorhasNext542,KILLED
org.apache.commons.csv.CSVParserTest.testIterator,org.pitest.mutationtest.engine.gregor.mutators.NegateConditionalsMutatorhasNext545,KILLED
org.apache.commons.csv.CSVParserTest.testIterator,org.pitest.mutationtest.engine.gregor.mutators.NegateConditionalsMutatorhasNext549,KILLED
org.apache.commons.csv.CSVParserTest.testClose,org.pitest.mutationtest.engine.gregor.mutators.ReturnValsMutatorhasNext543,KILLED
org.apache.commons.csv.CSVParserTest.testIterator,org.pitest.mutationtest.engine.gregor.mutators.ReturnValsMutatorhasNext549,KILLED
org.apache.commons.csv.CSVParserTest.testIterator,org.pitest.mutationtest.engine.gregor.mutators.NegateConditionalsMutatornext554,KILLED
org.apache.commons.csv.CSVParserTest.testIterator,org.pitest.mutationtest.engine.gregor.mutators.NegateConditionalsMutatornext560,KILLED
org.apache.commons.csv.CSVParserTest.testIterator,org.pitest.mutationtest.engine.gregor.mutators.NegateConditionalsMutatornext563,KILLED
org.apache.commons.csv.CSVParserTest.testIterator,org.pitest.mutationtest.engine.gregor.mutators.ReturnValsMutatornext568,KILLED
