org.apache.commons.csv.CSVParserTest.testExcelFormat2,org.pitest.mutationtest.engine.g regor.mutators.NegateConditionalsMutator<init>39,KILLED
org.apache.commons.csv.CSVParserTest.testProvidedHeader,org.pitest.mutationtest.engine.gregor.mutators.ReturnValsMutatorget49,KILLED
org.apache.commons.csv.CSVParserTest.testProvidedHeader,org.pitest.mutationtest.engine.gregor.mutators.NegateConditionalsMutatorget60,KILLED
org.apache.commons.csv.CSVParserTest.testProvidedHeader,org.pitest.mutationtest.engine.gregor.mutators.NegateConditionalsMutatorget66,KILLED
org.apache.commons.csv.CSVParserTest.testProvidedHeader,org.pitest.mutationtest.engine.gregor.mutators.ReturnValsMutatorget66,KILLED
none,org.pitest.mutationtest.engine.gregor.mutators.ReturnValsMutatoriterator70,NO_COVERAGE
none,org.pitest.mutationtest.engine.gregor.mutators.ReturnValsMutatorsize81,NO_COVERAGE
none,org.pitest.mutationtest.engine.gregor.mutators.ReturnValsMutatortoString86,NO_COVERAGE
org.apache.commons.csv.CSVParserTest.testExcelFormat2,org.pitest.mutationtest.engine.gregor.mutators.ReturnValsMutatorvalues74,KILLED
org.apache.commons.csv.ExtendedBufferedReaderTest.testReadLine,org.pitest.mutationtest.engine.gregor.mutators.ReturnValsMutatorgetLineNumber159,KILLED
org.apache.commons.csv.ExtendedBufferedReaderTest.testEmptyInput,org.pitest.mutationtest.engine.gregor.mutators.ReturnValsMutatorlookAhead150,KILLED
org.apache.commons.csv.ExtendedBufferedReaderTest.testEmptyInput,org.pitest.mutationtest.engine.gregor.mutators.VoidMethodCallMutatorlookAhead146,KILLED
org.apache.commons.csv.ExtendedBufferedReaderTest.testReadLookahead2,org.pitest.mutationtest.engine.gregor.mutators.VoidMethodCallMutatorlookAhead148,KILLED
org.apache.commons.csv.CSVParserTest.testGetLineNumberWithLF,org.pitest.mutationtest.engine.gregor.mutators.MathMutatorread59,KILLED
org.apache.commons.csv.ExtendedBufferedReaderTest.testReadLine,org.pitest.mutationtest.engine.gregor.mutators.NegateConditionalsMutatorread58,KILLED
org.apache.commons.csv.ExtendedBufferedReaderTest.testReadLine,org.pitest.mutationtest.engine.gregor.mutators.NegateConditionalsMutatorread58,KILLED
org.apache.commons.csv.CSVParserTest.testGetLineNumberWithLF,org.pitest.mutationtest.engine.gregor.mutators.NegateConditionalsMutatorread58,KILLED
org.apache.commons.csv.ExtendedBufferedReaderTest.testEmptyInput,org.pitest.mutationtest.engine.gregor.mutators.ReturnValsMutatorread62,KILLED
none,org.pitest.mutationtest.engine.gregor.mutators.ConditionalsBoundaryMutatorread87,SURVIVED
org.apache.commons.csv.ExtendedBufferedReaderTest.testReadLookahead2,org.pitest.mutationtest.engine.gregor.mutators.ConditionalsBoundaryMutatorread89,KILLED
none,org.pitest.mutationtest.engine.gregor.mutators.ConditionalsBoundaryMutatorread92,NO_COVERAGE
org.apache.commons.csv.ExtendedBufferedReaderTest.testReadLookahead2,org.pitest.mutationtest.engine.gregor.mutators.IncrementsMutatorread89,KILLED
none,org.pitest.mutationtest.engine.gregor.mutators.MathMutatorread89,SURVIVED
none,org.pitest.mutationtest.engine.gregor.mutators.MathMutatorread92,NO_COVERAGE
none,org.pitest.mutationtest.engine.gregor.mutators.MathMutatorread93,NO_COVERAGE
none,org.pitest.mutationtest.engine.gregor.mutators.MathMutatorread96,NO_COVERAGE
org.apache.commons.csv.ExtendedBufferedReaderTest.testReadLookahead2,org.pitest.mutationtest.engine.gregor.mutators.MathMutatorread100,KILLED
org.apache.commons.csv.ExtendedBufferedReaderTest.testReadLookahead2,org.pitest.mutationtest.engine.gregor.mutators.MathMutatorread100,KILLED
org.apache.commons.csv.ExtendedBufferedReaderTest.testReadLookahead2,org.pitest.mutationtest.engine.gregor.mutators.NegateConditionalsMutatorread81,KILLED
org.apache.commons.csv.ExtendedBufferedReaderTest.testReadLookahead2,org.pitest.mutationtest.engine.gregor.mutators.NegateConditionalsMutatorread87,KILLED
none,org.pitest.mutationtest.engine.gregor.mutators.NegateConditionalsMutatorread89,SURVIVED
none,org.pitest.mutationtest.engine.gregor.mutators.NegateConditionalsMutatorread91,SURVIVED
none,org.pitest.mutationtest.engine.gregor.mutators.NegateConditionalsMutatorread92,NO_COVERAGE
none,org.pitest.mutationtest.engine.gregor.mutators.NegateConditionalsMutatorread92,NO_COVERAGE
none,org.pitest.mutationtest.engine.gregor.mutators.NegateConditionalsMutatorread95,SURVIVED
none,org.pitest.mutationtest.engine.gregor.mutators.NegateConditionalsMutatorread102,NO_COVERAGE
org.apache.commons.csv.ExtendedBufferedReaderTest.testEmptyInput,org.pitest.mutationtest.engine.gregor.mutators.ReturnValsMutatorread82,KILLED
org.apache.commons.csv.ExtendedBufferedReaderTest.testReadLookahead2,org.pitest.mutationtest.engine.gregor.mutators.ReturnValsMutatorread106,KILLED
org.apache.commons.csv.ExtendedBufferedReaderTest.testEmptyInput,org.pitest.mutationtest.engine.gregor.mutators.ReturnValsMutatorreadAgain76,KILLED
org.apache.commons.csv.ExtendedBufferedReaderTest.testReadLine,org.pitest.mutationtest.engine.gregor.mutators.ConditionalsBoundaryMutatorreadLine126,KILLED
org.apache.commons.csv.ExtendedBufferedReaderTest.testReadLine,org.pitest.mutationtest.engine.gregor.mutators.MathMutatorreadLine127,KILLED
org.apache.commons.csv.ExtendedBufferedReaderTest.testReadLine,org.pitest.mutationtest.engine.gregor.mutators.MathMutatorreadLine129,KILLED
org.apache.commons.csv.ExtendedBufferedReaderTest.testEmptyInput,org.pitest.mutationtest.engine.gregor.mutators.NegateConditionalsMutatorreadLine125,KILLED
org.apache.commons.csv.ExtendedBufferedReaderTest.testReadLine,org.pitest.mutationtest.engine.gregor.mutators.NegateConditionalsMutatorreadLine126,KILLED
org.apache.commons.csv.ExtendedBufferedReaderTest.testEmptyInput,org.pitest.mutationtest.engine.gregor.mutators.ReturnValsMutatorreadLine134,KILLED
org.apache.commons.csv.CSVLexerTest.testNextToken2,org.pitest.mutationtest.engine.gregor.mutators.ReturnValsMutatorreset60,KILLED
org.apache.commons.csv.CSVParserTest.testExcelFormat2,org.pitest.mutationtest.engine.gregor.mutators.VoidMethodCallMutatorreset57,KILLED
org.apache.commons.csv.CSVParserTest.testForEach,org.pitest.mutationtest.engine.gregor.mutators.ReturnValsMutatorgetNextRecord228,KILLED
org.apache.commons.csv.CSVParserTest.testForEach,org.pitest.mutationtest.engine.gregor.mutators.NegateConditionalsMutatorhasNext204,KILLED
org.apache.commons.csv.CSVParserTest.testForEach,org.pitest.mutationtest.engine.gregor.mutators.NegateConditionalsMutatorhasNext208,KILLED
org.apache.commons.csv.CSVParserTest.testForEach,org.pitest.mutationtest.engine.gregor.mutators.ReturnValsMutatorhasNext208,KILLED
org.apache.commons.csv.CSVParserTest.testForEach,org.pitest.mutationtest.engine.gregor.mutators.NegateConditionalsMutatornext215,KILLED
org.apache.commons.csv.CSVParserTest.testIterator,org.pitest.mutationtest.engine.gregor.mutators.NegateConditionalsMutatornext218,KILLED
org.apache.commons.csv.CSVParserTest.testForEach,org.pitest.mutationtest.engine.gregor.mutators.ReturnValsMutatornext223,KILLED
org.apache.commons.csv.CSVParserTest.testGetLineNumberWithLF,org.pitest.mutationtest.engine.gregor.mutators.ReturnValsMutatorgetLineNumber60,KILLED
org.apache.commons.csv.CSVLexerTest.testNextToken2,org.pitest.mutationtest.engine.gregor.mutators.NegateConditionalsMutatorisCommentStart136,KILLED
org.apache.commons.csv.CSVLexerTest.testNextToken3,org.pitest.mutationtest.engine.gregor.mutators.NegateConditionalsMutatorisCommentStart136,KILLED
org.apache.commons.csv.CSVLexerTest.testNextToken3,org.pitest.mutationtest.engine.gregor.mutators.ReturnValsMutatorisCommentStart136,KILLED
org.apache.commons.csv.CSVParserTest.testEmptyFile,org.pitest.mutationtest.engine.gregor.mutators.NegateConditionalsMutatorisDelimiter124,KILLED
org.apache.commons.csv.CSVParserTest.testEmptyFile,org.pitest.mutationtest.engine.gregor.mutators.ReturnValsMutatorisDelimiter124,KILLED
org.apache.commons.csv.CSVLexerTest.testNextToken5,org.pitest.mutationtest.engine.gregor.mutators.NegateConditionalsMutatorisEncapsulator132,KILLED
none,org.pitest.mutationtest.engine.gregor.mutators.NegateConditionalsMutatorisEncapsulator132,TIMED_OUT
none,org.pitest.mutationtest.engine.gregor.mutators.ReturnValsMutatorisEncapsulator132,TIMED_OUT
org.apache.commons.csv.CSVLexerTest.testNextToken3,org.pitest.mutationtest.engine.gregor.mutators.NegateConditionalsMutatorisEndOfFile118,KILLED
org.apache.commons.csv.CSVLexerTest.testNextToken3,org.pitest.mutationtest.engine.gregor.mutators.ReturnValsMutatorisEndOfFile118,KILLED
org.apache.commons.csv.CSVLexerTest.testNextToken3,org.pitest.mutationtest.engine.gregor.mutators.NegateConditionalsMutatorisEndOfLine107,KILLED
org.apache.commons.csv.CSVParserTest.testExcelFormat2,org.pitest.mutationtest.engine.gregor.mutators.NegateConditionalsMutatorisEndOfLine107,KILLED
org.apache.commons.csv.CSVLexerTest.testNextToken3,org.pitest.mutationtest.engine.gregor.mutators.NegateConditionalsMutatorisEndOfLine111,KILLED
org.apache.commons.csv.CSVLexerTest.testNextToken3,org.pitest.mutationtest.engine.gregor.mutators.NegateConditionalsMutatorisEndOfLine111,KILLED
org.apache.commons.csv.CSVLexerTest.testNextToken3,org.pitest.mutationtest.engine.gregor.mutators.ReturnValsMutatorisEndOfLine111,KILLED
org.apache.commons.csv.CSVParserTest.testBackslashEscaping2,org.pitest.mutationtest.engine.gregor.mutators.NegateConditionalsMutatorisEscape128,KILLED
org.apache.commons.csv.CSVParserTest.testBackslashEscaping2,org.pitest.mutationtest.engine.gregor.mutators.NegateConditionalsMutatorisEscape128,KILLED
org.apache.commons.csv.CSVLexerTest.testNextToken3,org.pitest.mutationtest.engine.gregor.mutators.ReturnValsMutatorisEscape128,KILLED
org.apache.commons.csv.CSVLexerTest.testDelimiterIsWhitespace,org.pitest.mutationtest.engine.gregor.mutators.NegateConditionalsMutatorisWhitespace96,KILLED
org.apache.commons.csv.CSVLexerTest.testDelimiterIsWhitespace,org.pitest.mutationtest.engine.gregor.mutators.NegateConditionalsMutatorisWhitespace96,KILLED
org.apache.commons.csv.CSVLexerTest.testDelimiterIsWhitespace,org.pitest.mutationtest.engine.gregor.mutators.ReturnValsMutatorisWhitespace96,KILLED
org.apache.commons.csv.CSVPrinterTest.testRandom,org.pitest.mutationtest.engine.gregor.mutators.ReturnValsMutatorreadEscape68,KILLED
org.apache.commons.csv.CSVPrinterTest.testRandom,org.pitest.mutationtest.engine.gregor.mutators.ReturnValsMutatorreadEscape70,KILLED
none,org.pitest.mutationtest.engine.gregor.mutators.ReturnValsMutatorreadEscape72,NO_COVERAGE
none,org.pitest.mutationtest.engine.gregor.mutators.ReturnValsMutatorreadEscape74,NO_COVERAGE
none,org.pitest.mutationtest.engine.gregor.mutators.ReturnValsMutatorreadEscape76,NO_COVERAGE
org.apache.commons.csv.CSVParserTest.testBackslashEscaping2,org.pitest.mutationtest.engine.gregor.mutators.ReturnValsMutatorreadEscape78,KILLED
none,org.pitest.mutationtest.engine.gregor.mutators.ConditionalsBoundaryMutatortrimTrailingSpaces84,SURVIVED
org.apache.commons.csv.CSVLexerTest.testDelimiterIsWhitespace,org.pitest.mutationtest.engine.gregor.mutators.MathMutatortrimTrailingSpaces84,KILLED
org.apache.commons.csv.CSVLexerTest.testDelimiterIsWhitespace,org.pitest.mutationtest.engine.gregor.mutators.MathMutatortrimTrailingSpaces85,KILLED
org.apache.commons.csv.CSVLexerTest.testDelimiterIsWhitespace,org.pitest.mutationtest.engine.gregor.mutators.NegateConditionalsMutatortrimTrailingSpaces84,KILLED
org.apache.commons.csv.CSVLexerTest.testDelimiterIsWhitespace,org.pitest.mutationtest.engine.gregor.mutators.NegateConditionalsMutatortrimTrailingSpaces84,KILLED
org.apache.commons.csv.CSVLexerTest.testDelimiterIsWhitespace,org.pitest.mutationtest.engine.gregor.mutators.NegateConditionalsMutatortrimTrailingSpaces87,KILLED
org.apache.commons.csv.CSVLexerTest.testDelimiterIsWhitespace,org.pitest.mutationtest.engine.gregor.mutators.VoidMethodCallMutatortrimTrailingSpaces88,KILLED
none,org.pitest.mutationtest.engine.gregor.mutators.VoidMethodCallMutator<init>92,SURVIVED
org.apache.commons.csv.CSVParserTest.testGetLineNumberWithLF,org.pitest.mutationtest.engine.gregor.mutators.ReturnValsMutatorgetLineNumber249,KILLED
org.apache.commons.csv.CSVParserTest.testEmptyFile,org.pitest.mutationtest.engine.gregor.mutators.NegateConditionalsMutatorgetRecord149,KILLED
none,org.pitest.mutationtest.engine.gregor.mutators.NegateConditionalsMutatorgetRecord158,TIMED_OUT
org.apache.commons.csv.CSVParserTest.testEmptyFile,org.pitest.mutationtest.engine.gregor.mutators.NegateConditionalsMutatorgetRecord160,KILLED
org.apache.commons.csv.CSVParserTest.testEmptyFile,org.pitest.mutationtest.engine.gregor.mutators.ReturnValsMutatorgetRecord163,KILLED
none,org.pitest.mutationtest.engine.gregor.mutators.VoidMethodCallMutatorgetRecord137,TIMED_OUT
org.apache.commons.csv.CSVParserTest.testLineFeedEndings,org.pitest.mutationtest.engine.gregor.mutators.NegateConditionalsMutatorgetRecords123,KILLED
org.apache.commons.csv.CSVParserTest.testLineFeedEndings,org.pitest.mutationtest.engine.gregor.mutators.ReturnValsMutatorgetRecords126,KILLED
org.apache.commons.csv.CSVParserTest.testProvidedHeader,org.pitest.mutationtest.engine.gregor.mutators.ConditionalsBoundaryMutatorinitializeHeader187,KILLED
org.apache.commons.csv.CSVParserTest.testEmptyFile,org.pitest.mutationtest.engine.gregor.mutators.NegateConditionalsMutatorinitializeHeader171,KILLED
org.apache.commons.csv.CSVParserTest.testProvidedHeader,org.pitest.mutationtest.engine.gregor.mutators.NegateConditionalsMutatorinitializeHeader175,KILLED
org.apache.commons.csv.CSVParserTest.testHeader,org.pitest.mutationtest.engine.gregor.mutators.NegateConditionalsMutatorinitializeHeader178,KILLED
org.apache.commons.csv.CSVParserTest.testProvidedHeader,org.pitest.mutationtest.engine.gregor.mutators.NegateConditionalsMutatorinitializeHeader186,KILLED
org.apache.commons.csv.CSVParserTest.testProvidedHeader,org.pitest.mutationtest.engine.gregor.mutators.NegateConditionalsMutatorinitializeHeader187,KILLED
org.apache.commons.csv.CSVParserTest.testEmptyFile,org.pitest.mutationtest.engine.gregor.mutators.ReturnValsMutatorinitializeHeader192,KILLED
org.apache.commons.csv.CSVParserTest.testForEach,org.pitest.mutationtest.engine.gregor.mutators.ReturnValsMutatoriterator200,KILLED
org.apache.commons.csv.CSVFormatTest.testFormat,org.pitest.mutationtest.engine.gregor.mutators.ReturnValsMutatorformat414,KILLED
org.apache.commons.csv.CSVFormatTest.testFormat,org.pitest.mutationtest.engine.gregor.mutators.VoidMethodCallMutatorformat409,KILLED
org.apache.commons.csv.CSVFormatTest.testMutators,org.pitest.mutationtest.engine.gregor.mutators.ReturnValsMutatorgetCommentStart255,KILLED
org.apache.commons.csv.CSVFormatTest.testMutators,org.pitest.mutationtest.engine.gregor.mutators.ReturnValsMutatorgetDelimiter203,KILLED
org.apache.commons.csv.CSVFormatTest.testMutators,org.pitest.mutationtest.engine.gregor.mutators.ReturnValsMutatorgetEncapsulator227,KILLED
org.apache.commons.csv.CSVFormatTest.testMutators,org.pitest.mutationtest.engine.gregor.mutators.ReturnValsMutatorgetEscape288,KILLED
org.apache.commons.csv.CSVParserTest.testEmptyFile,org.pitest.mutationtest.engine.gregor.mutators.ReturnValsMutatorgetHeader371,KILLED
org.apache.commons.csv.CSVFormatTest.testMutators,org.pitest.mutationtest.engine.gregor.mutators.ReturnValsMutatorgetLineSeparator356,KILLED
org.apache.commons.csv.CSVPrinterTest.testDisabledComment,org.pitest.mutationtest.engine.gregor.mutators.NegateConditionalsMutatorisCommentingEnabled279,KILLED
org.apache.commons.csv.CSVPrinterTest.testDisabledComment,org.pitest.mutationtest.engine.gregor.mutators.ReturnValsMutatorisCommentingEnabled279,KILLED
org.apache.commons.csv.CSVFormatTest.testMutators,org.pitest.mutationtest.engine.gregor.mutators.ReturnValsMutatorisEmptyLinesIgnored336,KILLED
org.apache.commons.csv.CSVFormatTest.testFormat,org.pitest.mutationtest.engine.gregor.mutators.NegateConditionalsMutatorisEncapsulating246,KILLED
org.apache.commons.csv.CSVFormatTest.testFormat,org.pitest.mutationtest.engine.gregor.mutators.ReturnValsMutatorisEncapsulating246,KILLED
org.apache.commons.csv.CSVParserTest.testBackslashEscaping2,org.pitest.mutationtest.engine.gregor.mutators.NegateConditionalsMutatorisEscaping307,KILLED
org.apache.commons.csv.CSVParserTest.testBackslashEscaping2,org.pitest.mutationtest.engine.gregor.mutators.ReturnValsMutatorisEscaping307,KILLED
org.apache.commons.csv.CSVFormatTest.testMutators,org.pitest.mutationtest.engine.gregor.mutators.NegateConditionalsMutatorisLineBreak169,KILLED
org.apache.commons.csv.CSVFormatTest.testMutators,org.pitest.mutationtest.engine.gregor.mutators.NegateConditionalsMutatorisLineBreak169,KILLED
org.apache.commons.csv.CSVFormatTest.testMutators,org.pitest.mutationtest.engine.gregor.mutators.ReturnValsMutatorisLineBreak169,KILLED
org.apache.commons.csv.CSVFormatTest.testMutators,org.pitest.mutationtest.engine.gregor.mutators.ReturnValsMutatorisSurroundingSpacesIgnored316,KILLED
org.apache.commons.csv.CSVParserTest.testForEach,org.pitest.mutationtest.engine.gregor.mutators.ReturnValsMutatorparse398,KILLED
none,org.pitest.mutationtest.engine.gregor.mutators.NegateConditionalsMutatortoString421,NO_COVERAGE
none,org.pitest.mutationtest.engine.gregor.mutators.NegateConditionalsMutatortoString425,NO_COVERAGE
none,org.pitest.mutationtest.engine.gregor.mutators.NegateConditionalsMutatortoString429,NO_COVERAGE
none,org.pitest.mutationtest.engine.gregor.mutators.NegateConditionalsMutatortoString433,NO_COVERAGE
none,org.pitest.mutationtest.engine.gregor.mutators.NegateConditionalsMutatortoString436,NO_COVERAGE
none,org.pitest.mutationtest.engine.gregor.mutators.ReturnValsMutatortoString439,NO_COVERAGE
org.apache.commons.csv.CSVFormatTest.testValidation,org.pitest.mutationtest.engine.gregor.mutators.NegateConditionalsMutatorvalidate176,KILLED
org.apache.commons.csv.CSVFormatTest.testValidation,org.pitest.mutationtest.engine.gregor.mutators.NegateConditionalsMutatorvalidate180,KILLED
org.apache.commons.csv.CSVFormatTest.testValidation,org.pitest.mutationtest.engine.gregor.mutators.NegateConditionalsMutatorvalidate184,KILLED
org.apache.commons.csv.CSVFormatTest.testValidation,org.pitest.mutationtest.engine.gregor.mutators.NegateConditionalsMutatorvalidate188,KILLED
org.apache.commons.csv.CSVFormatTest.testValidation,org.pitest.mutationtest.engine.gregor.mutators.NegateConditionalsMutatorvalidate188,KILLED
org.apache.commons.csv.CSVFormatTest.testValidation,org.pitest.mutationtest.engine.gregor.mutators.NegateConditionalsMutatorvalidate192,KILLED
org.apache.commons.csv.CSVFormatTest.testValidation,org.pitest.mutationtest.engine.gregor.mutators.NegateConditionalsMutatorvalidate192,KILLED
org.apache.commons.csv.CSVFormatTest.testMutators,org.pitest.mutationtest.engine.gregor.mutators.NegateConditionalsMutatorwithCommentStart266,KILLED
org.apache.commons.csv.CSVFormatTest.testMutators,org.pitest.mutationtest.engine.gregor.mutators.ReturnValsMutatorwithCommentStart270,KILLED
org.apache.commons.csv.CSVFormatTest.testMutators,org.pitest.mutationtest.engine.gregor.mutators.NegateConditionalsMutatorwithDelimiter214,KILLED
org.apache.commons.csv.CSVFormatTest.testMutators,org.pitest.mutationtest.engine.gregor.mutators.ReturnValsMutatorwithDelimiter218,KILLED
org.apache.commons.csv.CSVFormatTest.testMutators,org.pitest.mutationtest.engine.gregor.mutators.ReturnValsMutatorwithEmptyLinesIgnored347,KILLED
org.apache.commons.csv.CSVFormatTest.testMutators,org.pitest.mutationtest.engine.gregor.mutators.NegateConditionalsMutatorwithEncapsulator238,KILLED
org.apache.commons.csv.CSVFormatTest.testMutators,org.pitest.mutationtest.engine.gregor.mutators.ReturnValsMutatorwithEncapsulator242,KILLED
org.apache.commons.csv.CSVFormatTest.testMutators,org.pitest.mutationtest.engine.gregor.mutators.NegateConditionalsMutatorwithEscape299,KILLED
org.apache.commons.csv.CSVFormatTest.testMutators,org.pitest.mutationtest.engine.gregor.mutators.ReturnValsMutatorwithEscape303,KILLED
org.apache.commons.csv.CSVParserTest.testProvidedHeader,org.pitest.mutationtest.engine.gregor.mutators.ReturnValsMutatorwithHeader389,KILLED
org.apache.commons.csv.CSVFormatTest.testMutators,org.pitest.mutationtest.engine.gregor.mutators.ReturnValsMutatorwithLineSeparator367,KILLED
org.apache.commons.csv.CSVFormatTest.testMutators,org.pitest.mutationtest.engine.gregor.mutators.ReturnValsMutatorwithSurroundingSpacesIgnored327,KILLED
org.apache.commons.csv.CSVPrinterTest.testMultiLineComment,org.pitest.mutationtest.engine.gregor.mutators.NegateConditionalsMutator<init>47,KILLED
none,org.pitest.mutationtest.engine.gregor.mutators.VoidMethodCallMutator<init>49,SURVIVED
none,org.pitest.mutationtest.engine.gregor.mutators.NegateConditionalsMutatorflush70,SURVIVED
none,org.pitest.mutationtest.engine.gregor.mutators.VoidMethodCallMutatorflush71,SURVIVED
none,org.pitest.mutationtest.engine.gregor.mutators.MathMutatorprint138,NO_COVERAGE
org.apache.commons.csv.CSVPrinterTest.testPrinter3,org.pitest.mutationtest.engine.gregor.mutators.NegateConditionalsMutatorprint132,KILLED
org.apache.commons.csv.CSVPrinterTest.testRandom,org.pitest.mutationtest.engine.gregor.mutators.NegateConditionalsMutatorprint134,KILLED
org.apache.commons.csv.CSVPrinterTest.testPrinter7,org.pitest.mutationtest.engine.gregor.mutators.VoidMethodCallMutatorprint133,KILLED
org.apache.commons.csv.CSVPrinterTest.testRandom,org.pitest.mutationtest.engine.gregor.mutators.VoidMethodCallMutatorprint135,KILLED
none,org.pitest.mutationtest.engine.gregor.mutators.VoidMethodCallMutatorprint137,NO_COVERAGE
org.apache.commons.csv.CSVPrinterTest.testPrinter7,org.pitest.mutationtest.engine.gregor.mutators.VoidMethodCallMutatorprint305,KILLED
org.apache.commons.csv.CSVPrinterTest.testPrinter7,org.pitest.mutationtest.engine.gregor.mutators.NegateConditionalsMutatorprint284,KILLED
org.apache.commons.csv.CSVPrinterTest.testPrinter3,org.pitest.mutationtest.engine.gregor.mutators.NegateConditionalsMutatorprint289,KILLED
none,org.pitest.mutationtest.engine.gregor.mutators.VoidMethodCallMutatorprint291,NO_COVERAGE
org.apache.commons.csv.CSVPrinterTest.testPrinter7,org.pitest.mutationtest.engine.gregor.mutators.VoidMethodCallMutatorprint294,KILLED
org.apache.commons.csv.CSVPrinterTest.testPrintNullValues,org.pitest.mutationtest.engine.gregor.mutators.ConditionalsBoundaryMutatorprintAndEncapsulate200,KILLED
none,org.pitest.mutationtest.engine.gregor.mutators.ConditionalsBoundaryMutatorprintAndEncapsulate212,SURVIVED
none,org.pitest.mutationtest.engine.gregor.mutators.ConditionalsBoundaryMutatorprintAndEncapsulate212,SURVIVED
none,org.pitest.mutationtest.engine.gregor.mutators.ConditionalsBoundaryMutatorprintAndEncapsulate212,SURVIVED
none,org.pitest.mutationtest.engine.gregor.mutators.ConditionalsBoundaryMutatorprintAndEncapsulate212,SURVIVED
org.apache.commons.csv.CSVPrinterTest.testPrinter7,org.pitest.mutationtest.engine.gregor.mutators.ConditionalsBoundaryMutatorprintAndEncapsulate212,KILLED
none,org.pitest.mutationtest.engine.gregor.mutators.ConditionalsBoundaryMutatorprintAndEncapsulate212,SURVIVED
none,org.pitest.mutationtest.engine.gregor.mutators.ConditionalsBoundaryMutatorprintAndEncapsulate219,SURVIVED
org.apache.commons.csv.CSVPrinterTest.testPrinter7,org.pitest.mutationtest.engine.gregor.mutators.ConditionalsBoundaryMutatorprintAndEncapsulate225,KILLED
org.apache.commons.csv.CSVPrinterTest.testPrinter3,org.pitest.mutationtest.engine.gregor.mutators.ConditionalsBoundaryMutatorprintAndEncapsulate240,KILLED
org.apache.commons.csv.CSVPrinterTest.testPrinter3,org.pitest.mutationtest.engine.gregor.mutators.ConditionalsBoundaryMutatorprintAndEncapsulate258,KILLED
org.apache.commons.csv.CSVPrinterTest.testPrinter7,org.pitest.mutationtest.engine.gregor.mutators.IncrementsMutatorprintAndEncapsulate231,KILLED
org.apache.commons.csv.CSVPrinterTest.testPrinter3,org.pitest.mutationtest.engine.gregor.mutators.IncrementsMutatorprintAndEncapsulate269,KILLED
org.apache.commons.csv.CSVPrinterTest.testPrinter7,org.pitest.mutationtest.engine.gregor.mutators.MathMutatorprintAndEncapsulate193,KILLED
org.apache.commons.csv.CSVPrinterTest.testPrinter7,org.pitest.mutationtest.engine.gregor.mutators.MathMutatorprintAndEncapsulate235,KILLED
org.apache.commons.csv.CSVPrinterTest.testPrinter4,org.pitest.mutationtest.engine.gregor.mutators.MathMutatorprintAndEncapsulate264,KILLED
org.apache.commons.csv.CSVPrinterTest.testPrinter7,org.pitest.mutationtest.engine.gregor.mutators.NegateConditionalsMutatorprintAndEncapsulate200,KILLED
org.apache.commons.csv.CSVPrinterTest.testPrintNullValues,org.pitest.mutationtest.engine.gregor.mutators.NegateConditionalsMutatorprintAndEncapsulate205,KILLED
none,org.pitest.mutationtest.engine.gregor.mutators.NegateConditionalsMutatorprintAndEncapsulate212,SURVIVED
org.apache.commons.csv.CSVPrinterTest.testPrinter7,org.pitest.mutationtest.engine.gregor.mutators.NegateConditionalsMutatorprintAndEncapsulate212,KILLED
none,org.pitest.mutationtest.engine.gregor.mutators.NegateConditionalsMutatorprintAndEncapsulate212,SURVIVED
org.apache.commons.csv.CSVPrinterTest.testPrinter7,org.pitest.mutationtest.engine.gregor.mutators.NegateConditionalsMutatorprintAndEncapsulate212,KILLED
none,org.pitest.mutationtest.engine.gregor.mutators.NegateConditionalsMutatorprintAndEncapsulate212,SURVIVED
org.apache.commons.csv.CSVPrinterTest.testPrinter7,org.pitest.mutationtest.engine.gregor.mutators.NegateConditionalsMutatorprintAndEncapsulate212,KILLED
org.apache.commons.csv.CSVPrinterTest.testPrinter7,org.pitest.mutationtest.engine.gregor.mutators.NegateConditionalsMutatorprintAndEncapsulate212,KILLED
org.apache.commons.csv.CSVPrinterTest.testPrinter7,org.pitest.mutationtest.engine.gregor.mutators.NegateConditionalsMutatorprintAndEncapsulate219,KILLED
org.apache.commons.csv.CSVPrinterTest.testPrinter3,org.pitest.mutationtest.engine.gregor.mutators.NegateConditionalsMutatorprintAndEncapsulate225,KILLED
org.apache.commons.csv.CSVPrinterTest.testPrinter7,org.pitest.mutationtest.engine.gregor.mutators.NegateConditionalsMutatorprintAndEncapsulate227,KILLED
org.apache.commons.csv.CSVPrinterTest.testPrinter7,org.pitest.mutationtest.engine.gregor.mutators.NegateConditionalsMutatorprintAndEncapsulate227,KILLED
org.apache.commons.csv.CSVPrinterTest.testPrinter7,org.pitest.mutationtest.engine.gregor.mutators.NegateConditionalsMutatorprintAndEncapsulate227,KILLED
org.apache.commons.csv.CSVPrinterTest.testPrinter7,org.pitest.mutationtest.engine.gregor.mutators.NegateConditionalsMutatorprintAndEncapsulate227,KILLED
org.apache.commons.csv.CSVPrinterTest.testPrinter3,org.pitest.mutationtest.engine.gregor.mutators.NegateConditionalsMutatorprintAndEncapsulate234,KILLED
org.apache.commons.csv.CSVPrinterTest.testPrinter7,org.pitest.mutationtest.engine.gregor.mutators.NegateConditionalsMutatorprintAndEncapsulate240,KILLED
org.apache.commons.csv.CSVPrinterTest.testPrinter7,org.pitest.mutationtest.engine.gregor.mutators.NegateConditionalsMutatorprintAndEncapsulate247,KILLED
org.apache.commons.csv.CSVPrinterTest.testPrinter3,org.pitest.mutationtest.engine.gregor.mutators.NegateConditionalsMutatorprintAndEncapsulate258,KILLED
org.apache.commons.csv.CSVPrinterTest.testPrinter3,org.pitest.mutationtest.engine.gregor.mutators.NegateConditionalsMutatorprintAndEncapsulate260,KILLED
org.apache.commons.csv.CSVPrinterTest.testPrinter7,org.pitest.mutationtest.engine.gregor.mutators.VoidMethodCallMutatorprintAndEncapsulate195,KILLED
org.apache.commons.csv.CSVPrinterTest.testRandom,org.pitest.mutationtest.engine.gregor.mutators.ConditionalsBoundaryMutatorprintAndEscape160,KILLED
none,org.pitest.mutationtest.engine.gregor.mutators.ConditionalsBoundaryMutatorprintAndEscape164,SURVIVED
none,org.pitest.mutationtest.engine.gregor.mutators.ConditionalsBoundaryMutatorprintAndEscape183,SURVIVED
org.apache.commons.csv.CSVPrinterTest.testRandom,org.pitest.mutationtest.engine.gregor.mutators.IncrementsMutatorprintAndEscape179,KILLED
org.apache.commons.csv.CSVPrinterTest.testRandom,org.pitest.mutationtest.engine.gregor.mutators.MathMutatorprintAndEscape153,KILLED
org.apache.commons.csv.CSVPrinterTest.testRandom,org.pitest.mutationtest.engine.gregor.mutators.MathMutatorprintAndEscape176,KILLED
org.apache.commons.csv.CSVPrinterTest.testRandom,org.pitest.mutationtest.engine.gregor.mutators.NegateConditionalsMutatorprintAndEscape160,KILLED
org.apache.commons.csv.CSVPrinterTest.testRandom,org.pitest.mutationtest.engine.gregor.mutators.NegateConditionalsMutatorprintAndEscape162,KILLED
org.apache.commons.csv.CSVPrinterTest.testRandom,org.pitest.mutationtest.engine.gregor.mutators.NegateConditionalsMutatorprintAndEscape162,KILLED
org.apache.commons.csv.CSVPrinterTest.testRandom,org.pitest.mutationtest.engine.gregor.mutators.NegateConditionalsMutatorprintAndEscape162,KILLED
org.apache.commons.csv.CSVPrinterTest.testRandom,org.pitest.mutationtest.engine.gregor.mutators.NegateConditionalsMutatorprintAndEscape162,KILLED
org.apache.commons.csv.CSVPrinterTest.testRandom,org.pitest.mutationtest.engine.gregor.mutators.NegateConditionalsMutatorprintAndEscape164,KILLED
org.apache.commons.csv.CSVPrinterTest.testRandom,org.pitest.mutationtest.engine.gregor.mutators.NegateConditionalsMutatorprintAndEscape167,KILLED
org.apache.commons.csv.CSVPrinterTest.testRandom,org.pitest.mutationtest.engine.gregor.mutators.NegateConditionalsMutatorprintAndEscape169,KILLED
org.apache.commons.csv.CSVPrinterTest.testRandom,org.pitest.mutationtest.engine.gregor.mutators.NegateConditionalsMutatorprintAndEscape183,KILLED
org.apache.commons.csv.CSVPrinterTest.testRandom,org.pitest.mutationtest.engine.gregor.mutators.VoidMethodCallMutatorprintAndEscape155,KILLED
org.apache.commons.csv.CSVPrinterTest.testMultiLineComment,org.pitest.mutationtest.engine.gregor.mutators.ConditionalsBoundaryMutatorprintComment109,KILLED
none,org.pitest.mutationtest.engine.gregor.mutators.ConditionalsBoundaryMutatorprintComment113,NO_COVERAGE
none,org.pitest.mutationtest.engine.gregor.mutators.IncrementsMutatorprintComment114,NO_COVERAGE
org.apache.commons.csv.CSVPrinterTest.testMultiLineComment,org.pitest.mutationtest.engine.gregor.mutators.IncrementsMutatorprintComment109,KILLED
none,org.pitest.mutationtest.engine.gregor.mutators.MathMutatorprintComment113,NO_COVERAGE
none,org.pitest.mutationtest.engine.gregor.mutators.MathMutatorprintComment113,NO_COVERAGE
org.apache.commons.csv.CSVPrinterTest.testDisabledComment,org.pitest.mutationtest.engine.gregor.mutators.NegateConditionalsMutatorprintComment101,KILLED
org.apache.commons.csv.CSVPrinterTest.testMultiLineComment,org.pitest.mutationtest.engine.gregor.mutators.NegateConditionalsMutatorprintComment104,KILLED
org.apache.commons.csv.CSVPrinterTest.testMultiLineComment,org.pitest.mutationtest.engine.gregor.mutators.NegateConditionalsMutatorprintComment109,KILLED
none,org.pitest.mutationtest.engine.gregor.mutators.NegateConditionalsMutatorprintComment113,NO_COVERAGE
none,org.pitest.mutationtest.engine.gregor.mutators.NegateConditionalsMutatorprintComment113,NO_COVERAGE
none,org.pitest.mutationtest.engine.gregor.mutators.VoidMethodCallMutatorprintComment105,NO_COVERAGE
org.apache.commons.csv.CSVPrinterTest.testMultiLineComment,org.pitest.mutationtest.engine.gregor.mutators.VoidMethodCallMutatorprintComment118,KILLED
org.apache.commons.csv.CSVPrinterTest.testMultiLineComment,org.pitest.mutationtest.engine.gregor.mutators.VoidMethodCallMutatorprintComment127,KILLED
org.apache.commons.csv.CSVPrinterTest.testPrinter7,org.pitest.mutationtest.engine.gregor.mutators.NegateConditionalsMutatorprintSep143,KILLED
org.apache.commons.csv.CSVPrinterTest.testPrinter7,org.pitest.mutationtest.engine.gregor.mutators.VoidMethodCallMutatorprintln84,KILLED
org.apache.commons.csv.CSVPrinterTest.testPrinter7,org.pitest.mutationtest.engine.gregor.mutators.VoidMethodCallMutatorprintln86,KILLED
none,org.pitest.mutationtest.engine.gregor.mutators.NegateConditionalsMutatorencapsulatedTokenLexer189,TIMED_OUT
org.apache.commons.csv.CSVLexerTest.testNextToken5,org.pitest.mutationtest.engine.gregor.mutators.NegateConditionalsMutatorencapsulatedTokenLexer191,KILLED
org.apache.commons.csv.CSVLexerTest.testNextToken5,org.pitest.mutationtest.engine.gregor.mutators.NegateConditionalsMutatorencapsulatedTokenLexer192,KILLED
org.apache.commons.csv.CSVLexerTest.testNextToken5,org.pitest.mutationtest.engine.gregor.mutators.NegateConditionalsMutatorencapsulatedTokenLexer200,KILLED
org.apache.commons.csv.CSVLexerTest.testNextToken5,org.pitest.mutationtest.engine.gregor.mutators.NegateConditionalsMutatorencapsulatedTokenLexer203,KILLED
org.apache.commons.csv.CSVLexerTest.testNextToken5,org.pitest.mutationtest.engine.gregor.mutators.NegateConditionalsMutatorencapsulatedTokenLexer207,KILLED
org.apache.commons.csv.CSVLexerTest.testNextToken4,org.pitest.mutationtest.engine.gregor.mutators.NegateConditionalsMutatorencapsulatedTokenLexer211,KILLED
org.apache.commons.csv.CSVLexerTest.testNextToken5,org.pitest.mutationtest.engine.gregor.mutators.NegateConditionalsMutatorencapsulatedTokenLexer217,KILLED
none,org.pitest.mutationtest.engine.gregor.mutators.ReturnValsMutatorencapsulatedTokenLexer202,SURVIVED
none,org.pitest.mutationtest.engine.gregor.mutators.ReturnValsMutatorencapsulatedTokenLexer206,SURVIVED
none,org.pitest.mutationtest.engine.gregor.mutators.ReturnValsMutatorencapsulatedTokenLexer210,SURVIVED
org.apache.commons.csv.CSVLexerTest.testNextToken2,org.pitest.mutationtest.engine.gregor.mutators.NegateConditionalsMutatornextToken56,KILLED
org.apache.commons.csv.CSVLexerTest.testNextToken3,org.pitest.mutationtest.engine.gregor.mutators.NegateConditionalsMutatornextToken57,KILLED
org.apache.commons.csv.CSVLexerTest.testNextToken2,org.pitest.mutationtest.engine.gregor.mutators.NegateConditionalsMutatornextToken57,KILLED
org.apache.commons.csv.CSVLexerTest.testNextToken2,org.pitest.mutationtest.engine.gregor.mutators.NegateConditionalsMutatornextToken57,KILLED
org.apache.commons.csv.CSVLexerTest.testNextToken2,org.pitest.mutationtest.engine.gregor.mutators.NegateConditionalsMutatornextToken57,KILLED
org.apache.commons.csv.CSVLexerTest.testNextToken2,org.pitest.mutationtest.engine.gregor.mutators.NegateConditionalsMutatornextToken59,KILLED
org.apache.commons.csv.CSVParserTest.testIgnoreEmptyLines,org.pitest.mutationtest.engine.gregor.mutators.NegateConditionalsMutatornextToken66,KILLED
org.apache.commons.csv.CSVLexerTest.testNextToken3,org.pitest.mutationtest.engine.gregor.mutators.NegateConditionalsMutatornextToken75,KILLED
org.apache.commons.csv.CSVParserTest.testEmptyFile,org.pitest.mutationtest.engine.gregor.mutators.NegateConditionalsMutatornextToken75,KILLED
org.apache.commons.csv.CSVLexerTest.testNextToken3,org.pitest.mutationtest.engine.gregor.mutators.NegateConditionalsMutatornextToken75,KILLED
org.apache.commons.csv.CSVLexerTest.testNextToken3,org.pitest.mutationtest.engine.gregor.mutators.NegateConditionalsMutatornextToken82,KILLED
org.apache.commons.csv.CSVLexerTest.testDelimiterIsWhitespace,org.pitest.mutationtest.engine.gregor.mutators.NegateConditionalsMutatornextToken84,KILLED
org.apache.commons.csv.CSVLexerTest.testDelimiterIsWhitespace,org.pitest.mutationtest.engine.gregor.mutators.NegateConditionalsMutatornextToken85,KILLED
org.apache.commons.csv.CSVLexerTest.testDelimiterIsWhitespace,org.pitest.mutationtest.engine.gregor.mutators.NegateConditionalsMutatornextToken85,KILLED
org.apache.commons.csv.CSVLexerTest.testNextToken3,org.pitest.mutationtest.engine.gregor.mutators.NegateConditionalsMutatornextToken92,KILLED
org.apache.commons.csv.CSVLexerTest.testNextToken3,org.pitest.mutationtest.engine.gregor.mutators.NegateConditionalsMutatornextToken96,KILLED
org.apache.commons.csv.CSVLexerTest.testNextToken3,org.pitest.mutationtest.engine.gregor.mutators.NegateConditionalsMutatornextToken99,KILLED
org.apache.commons.csv.CSVLexerTest.testNextToken3,org.pitest.mutationtest.engine.gregor.mutators.NegateConditionalsMutatornextToken103,KILLED
org.apache.commons.csv.CSVLexerTest.testNextToken3,org.pitest.mutationtest.engine.gregor.mutators.NegateConditionalsMutatornextToken106,KILLED
org.apache.commons.csv.CSVLexerTest.testNextToken2,org.pitest.mutationtest.engine.gregor.mutators.ReturnValsMutatornextToken69,KILLED
org.apache.commons.csv.CSVLexerTest.testNextToken2,org.pitest.mutationtest.engine.gregor.mutators.ReturnValsMutatornextToken78,KILLED
org.apache.commons.csv.CSVLexerTest.testNextToken3,org.pitest.mutationtest.engine.gregor.mutators.ReturnValsMutatornextToken117,KILLED
org.apache.commons.csv.CSVLexerTest.testNextToken3,org.pitest.mutationtest.engine.gregor.mutators.NegateConditionalsMutatorsimpleTokenLexer139,KILLED
org.apache.commons.csv.CSVLexerTest.testNextToken3,org.pitest.mutationtest.engine.gregor.mutators.NegateConditionalsMutatorsimpleTokenLexer143,KILLED
org.apache.commons.csv.CSVLexerTest.testNextToken3,org.pitest.mutationtest.engine.gregor.mutators.NegateConditionalsMutatorsimpleTokenLexer148,KILLED
org.apache.commons.csv.CSVLexerTest.testNextToken3,org.pitest.mutationtest.engine.gregor.mutators.NegateConditionalsMutatorsimpleTokenLexer152,KILLED
org.apache.commons.csv.CSVLexerTest.testDelimiterIsWhitespace,org.pitest.mutationtest.engine.gregor.mutators.NegateConditionalsMutatorsimpleTokenLexer161,KILLED
none,org.pitest.mutationtest.engine.gregor.mutators.ReturnValsMutatorsimpleTokenLexer165,SURVIVED
org.apache.commons.csv.CSVLexerTest.testDelimiterIsWhitespace,org.pitest.mutationtest.engine.gregor.mutators.VoidMethodCallMutatorsimpleTokenLexer162,KILLED
