"none","ConditionalsBoundaryMutator","7","SURVIVED"
"testBubbleSort","ConditionalsBoundaryMutator","8","KILLED"
"none","ConditionalsBoundaryMutator","9","SURVIVED"
"none","MathMutator","7","SURVIVED"
"testBubbleSort","MathMutator","9","KILLED"
"testBubbleSort","MathMutator","11","KILLED"
"testBubbleSort","MathMutator","12","KILLED"
"testBubbleSort","NegateConditionalsMutator","7","KILLED"
"testBubbleSort","NegateConditionalsMutator","8","KILLED"
"testBubbleSort","NegateConditionalsMutator","9","KILLED"
"testInsertionSort","ConditionalsBoundaryMutator","7","KILLED"
"testInsertionSort","ConditionalsBoundaryMutator","10","KILLED"
"none","ConditionalsBoundaryMutator","10","SURVIVED"
"testInsertionSort","IncrementsMutator","12","KILLED"
"testInsertionSort","IncrementsMutator","7","KILLED"
"testInsertionSort","MathMutator","10","KILLED"
"testInsertionSort","MathMutator","11","KILLED"
"testInsertionSort","NegateConditionalsMutator","7","KILLED"
"testInsertionSort","NegateConditionalsMutator","10","KILLED"
"testInsertionSort","NegateConditionalsMutator","10","KILLED"
"testHeapsort","ConditionalsBoundaryMutator","33","KILLED"
"testHeapsort","IncrementsMutator","33","KILLED"
"none","MathMutator","33","SURVIVED"
"testHeapsort","MathMutator","34","KILLED"
"testHeapsort","NegateConditionalsMutator","33","KILLED"
"testHeapsort","VoidMethodCallMutator","34","KILLED"
"none","ConditionalsBoundaryMutator","9","SURVIVED"
"testHeapsort","IncrementsMutator","11","KILLED"
"testHeapsort","IncrementsMutator","9","KILLED"
"testHeapsort","MathMutator","8","KILLED"
"testHeapsort","MathMutator","9","KILLED"
"testHeapsort","NegateConditionalsMutator","9","KILLED"
"testHeapsort","VoidMethodCallMutator","7","KILLED"
"testHeapsort","VoidMethodCallMutator","10","KILLED"
"testHeapsort","VoidMethodCallMutator","12","KILLED"
"none","ConditionalsBoundaryMutator","20","SURVIVED"
"none","ConditionalsBoundaryMutator","20","SURVIVED"
"none","ConditionalsBoundaryMutator","23","SURVIVED"
"none","ConditionalsBoundaryMutator","23","SURVIVED"
"testHeapsort","MathMutator","17","KILLED"
"testHeapsort","MathMutator","17","KILLED"
"none","MathMutator","18","SURVIVED"
"testHeapsort","NegateConditionalsMutator","20","KILLED"
"testHeapsort","NegateConditionalsMutator","20","KILLED"
"testHeapsort","NegateConditionalsMutator","23","KILLED"
"testHeapsort","NegateConditionalsMutator","23","KILLED"
"testHeapsort","NegateConditionalsMutator","26","KILLED"
"testHeapsort","VoidMethodCallMutator","27","KILLED"
"testHeapsort","VoidMethodCallMutator","28","KILLED"
"testMergeSort","ConditionalsBoundaryMutator","27","KILLED"
"none","ConditionalsBoundaryMutator","32","SURVIVED"
"testMergeSort","IncrementsMutator","29","KILLED"
"none","IncrementsMutator","31","SURVIVED"
"testMergeSort","IncrementsMutator","33","KILLED"
"testMergeSort","IncrementsMutator","35","KILLED"
"testMergeSort","NegateConditionalsMutator","27","KILLED"
"testMergeSort","NegateConditionalsMutator","28","KILLED"
"testMergeSort","NegateConditionalsMutator","30","KILLED"
"testMergeSort","NegateConditionalsMutator","32","KILLED"
"testMergeSort","ConditionalsBoundaryMutator","7","KILLED"
"testMergeSort","ConditionalsBoundaryMutator","13","KILLED"
"testMergeSort","ConditionalsBoundaryMutator","16","KILLED"
"testMergeSort","IncrementsMutator","13","KILLED"
"testMergeSort","MathMutator","10","KILLED"
"testMergeSort","MathMutator","12","KILLED"
"testMergeSort","MathMutator","17","KILLED"
"testMergeSort","NegateConditionalsMutator","7","KILLED"
"testMergeSort","NegateConditionalsMutator","13","KILLED"
"testMergeSort","NegateConditionalsMutator","16","KILLED"
"testMergeSort","VoidMethodCallMutator","19","KILLED"
"testMergeSort","VoidMethodCallMutator","20","KILLED"
"testMergeSort","VoidMethodCallMutator","21","KILLED"
"none","ConditionalsBoundaryMutator","23","SURVIVED"
"none","ConditionalsBoundaryMutator","24","SURVIVED"
"testQuicksort","IncrementsMutator","26","KILLED"
"testQuicksort","IncrementsMutator","23","KILLED"
"testQuicksort","NegateConditionalsMutator","23","KILLED"
"testQuicksort","NegateConditionalsMutator","24","KILLED"
"testQuicksort","ReturnValsMutator","30","KILLED"
"testQuicksort","VoidMethodCallMutator","21","KILLED"
"testQuicksort","VoidMethodCallMutator","25","KILLED"
"testQuicksort","VoidMethodCallMutator","29","KILLED"
"testQuicksort","MathMutator","34","KILLED"
"none","MathMutator","34","SURVIVED"
"testQuicksort","MathMutator","34","KILLED"
"testQuicksort","MathMutator","34","KILLED"
"testQuicksort","ReturnValsMutator","34","KILLED"
"testQuicksort","MathMutator","7","KILLED"
"testQuicksort","VoidMethodCallMutator","7","KILLED"
"none","ConditionalsBoundaryMutator","11","SURVIVED"
"testQuicksort","MathMutator","13","KILLED"
"testQuicksort","MathMutator","14","KILLED"
"testQuicksort","NegateConditionalsMutator","11","KILLED"
"testQuicksort","VoidMethodCallMutator","13","KILLED"
"testQuicksort","VoidMethodCallMutator","14","KILLED"
"none","ConditionalsBoundaryMutator","7","SURVIVED"
"testSelectionSort","ConditionalsBoundaryMutator","9","KILLED"
"none","ConditionalsBoundaryMutator","10","SURVIVED"
"testSelectionSort","IncrementsMutator","9","KILLED"
"testSelectionSort","IncrementsMutator","7","KILLED"
"testSelectionSort","MathMutator","7","KILLED"
"testSelectionSort","MathMutator","9","KILLED"
"testSelectionSort","NegateConditionalsMutator","7","KILLED"
"testSelectionSort","NegateConditionalsMutator","9","KILLED"
"testSelectionSort","NegateConditionalsMutator","10","KILLED"
"testSelectionSort","VoidMethodCallMutator","12","KILLED"
